UUID;Name;Kategorie;Technological Applicability ;Applications
8d06b1df-e898-4009-adee-57ca44aaafcc;BauderTHERMOFOL;Kunststoffe / Dachbahnen / PVC-Dachbahnen;;
9179f12a-8fef-4319-a150-a6bb1286c37c;BauderTHERMOPLAN;Kunststoffe / Dachbahnen / Elastomer-Dachbahnen;;
d4680073-0c9c-40f4-842f-c6830856812c;Betonpflaster- Standardstein grau mit Vorsatz;Mineralische Baustoffe / Steine und Elemente / Betonfertigteile und Betonwaren;;
1a7c1457-bbf6-4d40-a94d-1cac4d663baa;Betonpflasterstein mit Edelsplittvorsatzbeton;Mineralische Baustoffe / Steine und Elemente / Betonfertigteile und Betonwaren;;
284efda1-bb16-453a-bc32-070f3bab4cb3;Betonpflasterstein mit schwarz-weiß meliertem Vorsatz;Mineralische Baustoffe / Steine und Elemente / Betonfertigteile und Betonwaren;;
daa6924a-a78e-4457-864a-8613ad441f17;Brillux Dolomit ELF 900;Beschichtungen / Innenbeschichtungen / Innenfarben;;
fab730b2-0b23-4cc8-9543-39caed1db530;Brillux Evocryl 200;Beschichtungen / Fassadenfarben / Dispersion;;
ebb1b66d-c4b3-4fc8-bdab-2037ec1226b2;Brillux Glemalux ELF 1000;Beschichtungen / Innenbeschichtungen / Innenfarben;;
346f481f-c669-41fa-b69c-d16c7b21bd30;Brillux Latexfarbe ELF 992;Beschichtungen / Innenbeschichtungen / Innenfarben;;
a95d0d3b-06e9-436d-a255-1f4d2dfd2077;Brillux Sensocryl ELF 266;Beschichtungen / Innenbeschichtungen / Innenfarben;;
ea6b23bb-6df2-4692-8999-4b81d0a1990c;Brillux Sensocryl ELF 267;Beschichtungen / Innenbeschichtungen / Innenfarben;;
66dd0bed-23da-474c-abc0-96fa3c36004a;Brillux Sensocryl ELF 268;Beschichtungen / Innenbeschichtungen / Innenfarben;;
fecc54a7-c307-47a4-9821-6d12b69ebcd7;Brillux Sensocryl ELF 269;Beschichtungen / Innenbeschichtungen / Innenfarben;;
127e1dd6-110d-4356-83bf-e39c4b27ff2b;Brillux Silikat-Innenfarbe ELF 1806;Beschichtungen / Innenbeschichtungen / Innenfarben;;
ba66960b-8890-4204-9df3-4ddb48416316;Brillux Super Latex ELF 3000;Beschichtungen / Innenbeschichtungen / Innenfarben;;
825fc872-5d02-40f2-a68b-fe71f11a817d;Calciumsulfat-Fließestrich und Konventioneller Calciumsulfatestrich;Mineralische Baustoffe / Bindemittel / Gips;;
46f9017f-0c05-4c2c-90de-d23bbc3d3e5a;CapaSilan;Beschichtungen / Innenbeschichtungen / Innenfarben;;
13a77bf0-9a05-47fe-8531-ca91d3764ec5;CapaTrend;Beschichtungen / Innenbeschichtungen / Innenfarben;;
1b842259-9cfe-4e41-80b3-df0a11382984;Dachsteine;Mineralische Baustoffe / Steine und Elemente / Dachziegel;;
ba0e47ef-b04a-4bbb-bc9d-dafc7b72edc2;Dachziegel Neufahrn;Mineralische Baustoffe / Steine und Elemente / Dachziegel;;
d2e01b0a-bfdf-412a-996e-20d592df0d5f;Durchschnittlicher Zement D;Mineralische Baustoffe / Bindemittel / Zement;;
573cebb5-2963-460f-8d61-0e3eecc1176e;Estrichelemente;Mineralische Baustoffe / Mörtel und Beton / Estrich trocken;;
8ac8faaf-ca43-4d5c-80e6-2e45fb456d23;Eurolight beschichtet;Holz / Holzwerkstoffe / Spanplatten;;
acc44187-3de9-462d-b332-4b1806e5897c;Eurolight roh;Holz / Holzwerkstoffe / Spanplatten;;
d6eaa532-5b85-449b-9fbf-1357a52c4bd9;EVALON®dual, mechanisch befestigt oder lose unter Auflast;Kunststoffe / Dachbahnen / EVA-Dachbahnen (Etylen-Vinylacetat);;
d9a1408e-b6bf-4fac-9b94-d89b580cc131;Fortrac® MPT;Kunststoffe / Folien und Vliese / Technische Textilien;;
de0c1710-057b-46ff-b6da-9fb26c113fa3;FW 50 BF.HI;Komponenten von Fenstern und Vorhangfassaden / Rahmen / Profile / Aluminium;;
a287ee57-814f-4a5d-bccd-64b207385f47;FWS 50 SI;Komponenten von Fenstern und Vorhangfassaden / Rahmen / Profile / Aluminium;;
ce6e1839-54f9-42cd-ad20-940281e445dc;Getuftete Teppichfliesen LC1, Polmaterial PA 6, Schwerbeschichtung auf Bitumenbasis;Kunststoffe / Bodenbeläge / Textile Bodenbeläge;;
de085c04-d8be-436c-b602-b476bca15e4c;Getuftete Teppichfliesen LC2, Polmaterial PA 6, Schwerbeschichtung auf Bitumenbasis;Kunststoffe / Bodenbeläge / Textile Bodenbeläge;;
ee052374-fec0-4707-bfe0-863520d80b48;Getuftete Teppichfliesen LC3, Polmaterial PA 6, Schwerbeschichtung auf Bitumenbasis;Kunststoffe / Bodenbeläge / Textile Bodenbeläge;;
5693c3a3-78ad-43be-bf5c-1d5486f24af3;Getuftete Teppichfliesen LC4, Polmaterial PA 6, Schwerbeschichtung auf Bitumenbasis;Kunststoffe / Bodenbeläge / Textile Bodenbeläge;;
ea1e97c0-5232-43cf-b56a-adde6e3e5916;Getuftete Teppichfliesen LC5, Polmaterial PA 6, Schwerbeschichtung auf Bitumenbasis;Kunststoffe / Bodenbeläge / Textile Bodenbeläge;;
eec9c184-852b-47e5-b380-7ae5af203b65;Dachziegel;Mineralische Baustoffe / Steine und Elemente / Dachziegel;;
18e5028c-9327-4429-92da-eb90ee5d05cc;Glasarmierungsgitter;Dämmstoffe / Wärmedämmverbundsystem / Wärmedämmverbundsystem;;
0689d6a3-cd7c-4710-9709-90fe747f60c0;HEBEL Bewehrter Porenbeton;Mineralische Baustoffe / Mörtel und Beton / Beton;;
40b5bfc6-83b6-43e3-8852-567822c56729;Holzfaserdämmplatten;Dämmstoffe / Holzfasern / Holzfaserdämmplatte;;
d601d54e-a2eb-42bb-b32b-c59d1b2332a9;Holzfaserdämmstoff;Dämmstoffe / Holzfasern / Holzfaserdämmplatte;;
9ea3221b-b608-4e0a-981d-34685157f18a;Imomatt e.l.f. & Imosilan e.l.f. (2-1);Beschichtungen / Innenbeschichtungen / Innenfarben;;
46e48f47-dcd8-49f3-9039-b76b31f1ed86;Indeko-plus;Beschichtungen / Innenbeschichtungen / Innenfarben;;
7fbd62e4-d512-43fe-99d4-6594ba2d4dce;ITS 96 System und TS 97;Komponenten von Fenstern und Vorhangfassaden / Antriebssysteme / mechanisch;;
f7235d64-16e5-42d0-94c8-797a3cd6cd37;Kalksandstein;Mineralische Baustoffe / Steine und Elemente / Kalksandstein;;
a2b5b7c9-db13-4dbd-be23-b0ff9f0cbd98;Keramische Fliesen und Platten;Mineralische Baustoffe / Steine und Elemente / Fliesen und Platten;;
26bb2bb7-7bf6-434c-a3c7-1a4a87be9929;Knauf Safeboard GKF;Mineralische Baustoffe / Steine und Elemente / Gipsplatten;;
da69c8d7-e90d-44be-893a-c5696dddba6f;Knauf Silentboard GKF;Mineralische Baustoffe / Steine und Elemente / Gipsplatten;;
26564979-d3fb-4ece-a691-18a6237335ca;Mattlatex LF (2-2);Beschichtungen / Innenbeschichtungen / Innenfarben;;
f98eea66-671c-4014-bfbb-2db1ffba8331;Mauerziegel;Mineralische Baustoffe / Steine und Elemente / Ziegel;;
8a7bcf84-f0a1-46fe-a146-4af9a182edfe;Mauerziegel (Dämmstoff gefüllt);Mineralische Baustoffe / Steine und Elemente / Ziegel;;
4d9588b6-1732-449f-932b-d0e24180d0c8;MDF (Roh);Holz / Holzwerkstoffe / Spanplatten;;
ac3fb66d-bfd1-4e97-b63b-f8f4da17fbdf;MDF beschichtet;Holz / Holzwerkstoffe / Holzfaserplatten;;
6bb3b483-7640-42f0-ba34-f9b7efbf0dba;Mehrschichtparkett;Holz / Holzböden / Parkett;;
ee873d85-c31c-4217-a696-7c1a05a99d17;Mehrschichtparkett;Holz / Holzböden / Parkett;;
e74695a5-4f4b-419c-bdff-a758d20ada72;Meister Longlife Parkett;Holz / Holzböden / Parkett;;
2c5406bc-f977-4ece-af99-7db29f20ff61;Massivholzböden und Massivholzparkett;Holz / Holzböden / Parkett;;
36375bd3-f8d5-4291-9335-93d4f429ce70;MSH-Profile;Metalle / Stahl und Eisen / Stahlprofile;;
f9552e60-73b7-4486-9e4c-96744fb83423;NedZink Naturel;Metalle / Zink / Zinkbleche;;
0ea8dd25-57aa-4b87-87e3-4496368f765b;NedZink NOVA, NedZink NOIR;Metalle / Zink / Zinkbleche;;
2c127685-17be-41df-8cc4-1f3720813a7e;PCI Flexmörtel, PCI Flexmörtel S1, PCI Flexmörtel S2;Mineralische Baustoffe / Mörtel und Beton / Kleber und Klebemörtel;;
c820c4a1-b7f6-4024-98d3-b737558988b8;PCI FT® Extra, PCI FT® Flex, PCI FT® Rapid;Mineralische Baustoffe / Mörtel und Beton / Kleber und Klebemörtel;;
a5853e02-e83f-4fa1-81d3-b6b44f89ed8e;PCI Gisogrund 404;Beschichtungen / Grundierungen / Grundierungen Farben und Putze;;
d205c94f-0464-42b2-82b7-7506b2deab6f;PCI Gisogrund®;Beschichtungen / Grundierungen / Grundierungen Farben und Putze;;
67a713b2-b470-4ed2-950e-3bbd53a3571b;PCI Lastogum;Beschichtungen / Grundierungen / Grundierungen Farben und Putze;;
6f38efae-dc15-4667-96a4-1b87be6a80a5;PCI Nanofug, PCI Nanofug Premium;Mineralische Baustoffe / Mörtel und Beton / Kleber und Klebemörtel;;
285ae869-97d4-4032-8269-767c9371e71f;PCI Seccoral 1K;Mineralische Baustoffe / Mörtel und Beton / Kleber und Klebemörtel;;
0656d750-b06e-420c-b210-45ac7702d562;PCI Seccoral 2K Rapid;Mineralische Baustoffe / Mörtel und Beton / Kleber und Klebemörtel;;
cb9d60fd-2092-4c64-8a57-bb3102ff6128;Pentaweiß e.l.f & Malerweiß EC (3-2);Beschichtungen / Innenbeschichtungen / Innenfarben;;
58cd0d81-3a5c-43be-b94c-2979f4e30f80;pladur®;Metalle / Stahl und Eisen / Stahlbleche;;
1c36df70-6b87-4e0d-9474-f5b6c85cf3aa;PremiumClean;Beschichtungen / Innenbeschichtungen / Innenfarben;;
880e05ea-55c6-4346-a3ea-5af0e5f299e2;PU-Dämmplatten aus Blockschaumstoff;Dämmstoffe / Polyurethan-Hartschaum (PU) / PU Blockschaum;;
b1920b95-3cd5-4cd3-a4e4-4d0f0a0d5a1a;Raufa e.l.f, Praxit e.l.f., Nordstar e.l.f., Biosan e.l.f., Raufa, Praxit EC, Imodin F, Renoschwarz (3-1);Beschichtungen / Innenbeschichtungen / Innenfarben;;
e24a3ad6-9df3-4165-b8f0-393211a7838a;Rhepanol hfk;Kunststoffe / Dachbahnen / PIB-Dachbahnen (Polyisobutylen);;
aa728ab7-e807-4cbf-9769-973a674cbe13;Rhepanol hfk-sk;Kunststoffe / Dachbahnen / PIB-Dachbahnen (Polyisobutylen);;
c5583291-5780-4deb-b6ff-9379cb560607;Scheucher Parkett Mehrschichtparkett;Holz / Holzböden / Parkett;;
9a08692a-8a66-4210-b02b-6a229c195af4;Schichtstoff Flammex;Beschichtungen / Innenbeschichtungen / Wand- und Deckenbeläge;;
f381434d-68f3-41f5-990b-7c44b34383e7;Schichtstoff mit farbigem Kern;Beschichtungen / Innenbeschichtungen / Wand- und Deckenbeläge;;
00b700ef-2d55-4434-b91d-c97cc1f85d40;SCHÜCO ADS 75.SI;Komponenten von Fenstern und Vorhangfassaden / Türen und Tore / Aluminium;;
8db37c49-5e41-43b6-8c20-1bc646afda62;SCHÜCO ADS 80 FR 60;Komponenten von Fenstern und Vorhangfassaden / Türen und Tore / Aluminium;;
6adf0159-37a0-47d0-86d4-54d193b1a3e1;SCHÜCO AWS 75.SI;Komponenten von Fenstern und Vorhangfassaden / Rahmen / Profile / Aluminium;;
2da02eca-ff3c-4807-93f4-0266cfb01cef;Selatex e.l.f. (1-2);Beschichtungen / Innenbeschichtungen / Innenfarben;;
dbe7aa14-4bf6-4b79-a7d1-cc2421fc678e;Sikaplan G;Kunststoffe / Dachbahnen / PVC-Dachbahnen;;
c4d67bc2-a276-4b5f-9fe2-01d429013a75;Sikaplan SGmA;Kunststoffe / Dachbahnen / PVC-Dachbahnen;;
f658f1b6-156a-4361-8dcb-cb1e67391551;Silka Kalksandstein;Mineralische Baustoffe / Steine und Elemente / Kalksandstein;;
7634a4f9-7057-4052-9a0a-6bece315dd8e;Spannbeton-Fertigteildecken;Mineralische Baustoffe / Mörtel und Beton / Beton;;
4623cdde-5fb5-41ee-bda5-4ea48e9ebb3a;Stabilenka®;Kunststoffe / Folien und Vliese / Technische Textilien;;
426b030a-5e6d-4ed6-b117-e8b01bc3e890;SWISS KRONO OSB;Holz / Holzwerkstoffe / OSB-Platte;;
3589cb3f-3fd8-444a-9cfe-a9b536f386c4;Sylitol Bio-Innenfarbe;Beschichtungen / Innenbeschichtungen / Innenfarben;;
dc58acae-f94a-4a36-9065-292ef76b76ba;Sylitol Natura;Beschichtungen / Innenbeschichtungen / Innenfarben;;
d4523d5d-6956-4717-99d4-9a7aa1ebde99;Tectofin RV;Kunststoffe / Dachbahnen / PVC-Dachbahnen;;
103e98f9-8357-4d74-9063-7ea2b3b825b2;TERRART Fassadenplatte;Mineralische Baustoffe / Steine und Elemente / Fliesen und Platten;;
889237e5-dd00-4e30-8494-a90eea9c4ab9;Thermofloc;Dämmstoffe / Zellulosefaser / Zellulose-Einblas-Dämmstoff;;
65632b81-8698-4438-a54a-2bc5f781e171;TPO/FPO Dach-und Dichtungsbahn;Kunststoffe / Dachbahnen / Elastomer-Dachbahnen;;
40839593-9ebe-423f-b022-04f5f1cf1d14;Universal-Vorstrich VG 2;Beschichtungen / Grundierungen / Grundierungen Farben und Putze;;
86986c2b-a3fc-454a-b02f-7f62fb54ca87;Vormauerziegel, Pflasterziegel und Riemchen;Mineralische Baustoffe / Steine und Elemente / Ziegel;;
279613ea-381d-414d-9d35-a7622c3d4bf9;WDVS mit EPS Dämmplatte geklebt;Dämmstoffe / Wärmedämmverbundsystem / Wärmedämmverbundsystem;;
8d6e3557-1c45-458e-a7cd-2964d6339c7e;WDVS mit EPS geklebt und gedübelt;Dämmstoffe / Wärmedämmverbundsystem / Wärmedämmverbundsystem;;
cc522095-42b9-49ef-ae6e-2d39cd851513;WDVS mit Mineralfaser Dämmplatte geklebt und gedübelt;Dämmstoffe / Wärmedämmverbundsystem / Wärmedämmverbundsystem;;
3110be3a-bfc8-4c7b-96aa-b52cfe037f6d;WDVS mit Mineralfaser Lamellen- Dämmplatten geklebt;Dämmstoffe / Wärmedämmverbundsystem / Wärmedämmverbundsystem;;
fa3a0f7d-842b-4161-a83e-04c690248185;WDVS mit Schienenbefestigung;Dämmstoffe / Wärmedämmverbundsystem / Wärmedämmverbundsystem;;
97c15191-118f-4b6b-a55a-e241ea1690a4;Wolfin M;Kunststoffe / Dachbahnen / PVC-Dachbahnen;;
dd603f7a-93de-4a24-a26f-76a366966d4a;WPC Fassadenelemente;Holz / Holzwerkstoffe / Wood-Plastic-Composites;;
0452f1bc-9766-4785-bf4e-44bc76dedf75;WPC Terrassendielen;Holz / Holzwerkstoffe / Wood-Plastic-Composites;;
0c72f7ee-6f3d-4f82-82c3-14378a8b85b4;Xella Italia Porenbeton;Mineralische Baustoffe / Mörtel und Beton / Beton;;
10f0560b-4b39-484c-8159-a5545acc7ca3;BauderTHERMOFIN;Kunststoffe / Dachbahnen / Elastomer-Dachbahnen;;
8dfa6b75-0dcb-4748-a2d9-2d572d87ba61;EPS-Hartschaum (grau) mit Wärmestrahlungsabsorber;Dämmstoffe / Expandiertes Polystyrol (EPS) / EPS grau;;
c5edec42-1921-46c6-a3aa-5cbd27685a74;EPS-Hartschaum (Styropor ®) für Wände und Dächer W/D-035;Dämmstoffe / Expandiertes Polystyrol (EPS) / EPS weiß;;
ee10b277-07b5-4c0a-8a48-e0412a9630ff;EPS-Hartschaum (Styropor ®) für Decken/Böden und als Perimeterdämmung B/P-035;Dämmstoffe / Expandiertes Polystyrol (EPS) / EPS weiß;;
64564161-a587-47de-b195-b6b13b3bfb07;EPS-Hartschaum (Styropor ®) für Wände und Dächer W/D-040;Dämmstoffe / Expandiertes Polystyrol (EPS) / EPS weiß;;
d63926ea-8473-4ea7-b965-a7bae6e5e022;EPS-Hartschaum (Styropor ®) für Decken/Böden und als Perimeterdämmung B/P-040;Dämmstoffe / Expandiertes Polystyrol (EPS) / EPS weiß;;
03998c02-90d1-41cd-9c68-83ffec88d125;PU-Dämmplatten mit Mineralvlies-Deckschicht;Dämmstoffe / Polyurethan-Hartschaum (PU) / PU mit Mineralvlies;;
b29f31dc-bf1b-4214-98b4-fc2b52165a86;PU-Dämmplatten mit 50 µm Aluminium-Deckschicht;Dämmstoffe / Polyurethan-Hartschaum (PU) / PU mit Aluminium;;
ee4fb7c2-6119-4f00-8cb6-fc74cb66fe9a;PU-Dämmplatten mit Aluminium-Mehrlagen-Deckschicht;Dämmstoffe / Polyurethan-Hartschaum (PU) / PU mit Aluminium;;
e920d325-c474-4ff4-b84a-531af01c7759;Admonter Massivholzmehrschichtprodukte;Holz / Vollholz / Brettschichtholzplatte;;
5aa61b79-a476-4edb-93c4-d4370a66f36c;Akzent e.l.f. & Ultra Design Premium No.1 (1-1);Beschichtungen / Innenbeschichtungen / Innenfarben;;
023f3b97-976a-41c4-b0f1-5357b9dc5b3e;Automatische Drehflügeltürantriebe ED 100 und ED 250;Komponenten von Fenstern und Vorhangfassaden / Antriebssysteme / elektrisch;;
3d681712-89e7-4605-8b68-cb0c42a94376;Automatische Faltflügeltür FFT FLEX Green;Komponenten von Fenstern und Vorhangfassaden / Antriebssysteme / elektrisch;;
693b9115-f1fc-4dfd-8d62-f36eb3cd0a0e;Automatische Schiebetüranlage ST FLEX;Komponenten von Fenstern und Vorhangfassaden / Antriebssysteme / elektrisch;;
4e6f6d54-ac98-4f1c-a042-3de2710d2bb8;Automatische Schiebetüranlage ST FLEX Green;Komponenten von Fenstern und Vorhangfassaden / Antriebssysteme / elektrisch;;
1a24710c-72fe-43f6-8df3-a1adb2637f40;Multipor Mineraldämmplatte;Dämmstoffe / Calciumsilikat / Calcium-Silikathydrat / Calciumsilikat;;
32a6bd28-a244-4e5e-8ae1-11eced62c58e;JACKOBOARD®;Dämmstoffe / Extrudiertes Polystyrol (XPS) / XPS weiß;;
ff62c081-7f86-4429-a1d5-f0c029d5bc7b;TecTem® Insulation Board Indoor Climaprotect;Dämmstoffe / Blähperlit / Platten;;
29ff09ac-fece-4b12-ac1d-b768b33afd86;KXT50-CV35-V6-H200-REI120;Dämmstoffe / Dämmelemente / Isokörbe;;
8fd21462-66f2-4979-8fdc-44cf78234c20;TecTem® Insulation Board Indoor;Dämmstoffe / Blähperlit / Platten;;
5c7c71b6-662c-41d6-9d1d-040a3a5e990c;TecTem Insulation Board Outdoor;Dämmstoffe / Blähperlit / Platten;;
d8437b43-9f40-42bf-b690-0d5009193103;TecTem Insulation Board Indoor Historic;Dämmstoffe / Blähperlit / Platten;;
beda0ad4-6258-4842-bd0a-76684e9da77c;TecTem Insulation Board Indoor Laibungsplatte;Dämmstoffe / Blähperlit / Platten;;
29f780e3-091d-4f54-a3a0-5f7865a34453;QXT-H200-REI120;Dämmstoffe / Dämmelemente / Isokörbe;;
ffc50051-b4fd-4937-86f2-14ddf568f2ef;KXT Combar;Dämmstoffe / Dämmelemente / Isokörbe;;
16dab35c-ffa7-43fd-a763-077290e8bcaa;Doppelbodensystem Typ LIGNA;Komposite / Systembauteile / Decken;;
2ad0fca7-2c3d-4305-9be1-073a1b72b087;Isospan 1 Holzbetonmantelsteine mit Holzfaserdämmung OEKOPUR S 36,5/16,5 ohne Füllbeton;Mineralische Baustoffe / Steine und Elemente / Betonfertigteile und Betonwaren;;
c0dea00e-60ed-497b-9b90-87b4d4e767e7;Isospan 2 Holzbetonmantelsteine mit EPS-Dämmung SILVER S 25/6 ohne Füllbeton;Mineralische Baustoffe / Steine und Elemente / Betonfertigteile und Betonwaren;;
b2226ee0-acb4-4eaf-a4a3-ff2fd24fdb62;Isospan 2 Holzbetonmantelsteine mit EPS-Dämmung SILVER S 30/5 ohne Füllbeton;Mineralische Baustoffe / Steine und Elemente / Betonfertigteile und Betonwaren;;
657cd1e6-1691-4eea-a853-1df984bcee01;Isospan 2 Holzbetonmantelsteine mit EPS-Dämmung SILVER S 30/7 ohne Füllbeton;Mineralische Baustoffe / Steine und Elemente / Betonfertigteile und Betonwaren;;
985a94db-d4ad-460c-bf5b-4d909a3d9075;Isospan 2 Holzbetonmantelsteine mit EPS-Dämmung SILVER S 30/9 ohne Füllbeton;Mineralische Baustoffe / Steine und Elemente / Betonfertigteile und Betonwaren;;
8ef6efbf-9a86-4c08-80aa-c9eb327f0804;Isospan 2 Holzbetonmantelsteine mit EPS-Dämmung SILVER S 36,5/13,5 ohne Füllbeton;Mineralische Baustoffe / Steine und Elemente / Betonfertigteile und Betonwaren;;
9b1f7394-fa8b-4364-baee-a8109d94660d;Isospan 2 Holzbetonmantelsteine mit EPS-Dämmung SILVER S 36,5/16,5 ohne Füllbeton;Mineralische Baustoffe / Steine und Elemente / Betonfertigteile und Betonwaren;;
f8cd76cb-b180-46cd-916a-bffb2fb341a4;Isospan 2 Holzbetonmantelsteine mit EPS-Dämmung SILVER S 36,5/5 ohne Füllbeton;Mineralische Baustoffe / Steine und Elemente / Betonfertigteile und Betonwaren;;
ca4bb781-7313-47a9-a566-4c60af01362e;Isospan 3 Holzbetonmantelsteine mit PU-Dämmung ISOPUR S 36,5/16,5 ohne Füllbeton;Mineralische Baustoffe / Steine und Elemente / Betonfertigteile und Betonwaren;;
8425d306-3cbc-44df-844d-f29a691de378;Isospan 4 Holzbetonmantelsteine Normalstein I 25 ohne Füllbeton;Mineralische Baustoffe / Steine und Elemente / Betonfertigteile und Betonwaren;;
8a78734f-63dc-4f49-8054-2de042f9b868;Isospan 4 Holzbetonmantelsteine Normalstein I 30 ohne Füllbeton;Mineralische Baustoffe / Steine und Elemente / Betonfertigteile und Betonwaren;;
404751ce-9ef4-466d-83db-78a4bdacc559;Isospan 4 Holzbetonmantelsteine Normalstein N 15 ohne Füllbeton;Mineralische Baustoffe / Steine und Elemente / Betonfertigteile und Betonwaren;;
98fc3019-6555-4742-9524-a55c3f47f6c9;Isospan 4 Holzbetonmantelsteine Normalstein N 18 ohne Füllbeton;Mineralische Baustoffe / Steine und Elemente / Betonfertigteile und Betonwaren;;
f3dafca9-7688-48ce-91f5-b77f6037e217;Isospan 4 Holzbetonmantelsteine Normalstein N 20 ohne Füllbeton;Mineralische Baustoffe / Steine und Elemente / Betonfertigteile und Betonwaren;;
983a5a12-fd92-4c9b-a6b6-6813230b1aca;Isospan 4 Holzbetonmantelsteine Normalstein N 22 ohne Füllbeton;Mineralische Baustoffe / Steine und Elemente / Betonfertigteile und Betonwaren;;
56545408-c87b-42a2-ae4c-37140cfa2c29;Isospan 4 Holzbetonmantelsteine Normalstein N 25 ohne Füllbeton;Mineralische Baustoffe / Steine und Elemente / Betonfertigteile und Betonwaren;;
0504b48b-81ca-47b4-bc7a-ecdaa6701cc9;Isospan 4 Holzbetonmantelsteine Normalstein TW 30 ohne Füllbeton;Mineralische Baustoffe / Steine und Elemente / Betonfertigteile und Betonwaren;;
1e19e807-cb14-494b-8f11-7618e417f1c4;Gipsfaserplatten;Mineralische Baustoffe / Steine und Elemente / Gipsplatten;;
011c9d4d-f9df-4ff0-87f0-58faf814a239;Isospan 2 Holzbetonmantelsteine mit EPS-Dämmung SILVER S 36,5/10,5 ohne Füllbeton;Mineralische Baustoffe / Steine und Elemente / Betonfertigteile und Betonwaren;;
79512d1c-6c63-4d30-b368-16b24737ddb1;Tensar TriAX TX 130 S-G Geogitter;Kunststoffe / Folien und Vliese / Technische Textilien;;
30d039df-678c-4a2b-9b0d-0985348d9bc1;Tensar TriAX TX 130 S-GD Geogitter;Kunststoffe / Folien und Vliese / Technische Textilien;;
ff763631-3fad-4cfe-bcd8-3a6ae400520f;Tensar TriAX TX 130S Geogitter;Kunststoffe / Folien und Vliese / Technische Textilien;;
8fcd6530-5227-465f-9f5a-0dd17fb0a11e;Tensar TriAX TX 140 Geogitter;Kunststoffe / Folien und Vliese / Technische Textilien;;
1c8b079d-8a3e-4eef-ab8e-3f1c185dcffa;Tensar TriAX TX 150 Geogitter;Kunststoffe / Folien und Vliese / Technische Textilien;;
5427c2a5-0158-479a-826d-64d467556edb;Tensar TriAX TX 150-GD Geogitter;Kunststoffe / Folien und Vliese / Technische Textilien;;
eb987474-1dbc-4b50-a9c5-36b138bb051e;Tensar TriAX TX 160 Geogitter;Kunststoffe / Folien und Vliese / Technische Textilien;;
23e32f6f-42b1-4468-abae-e8be9fe9fd46;Tensar TriAX TX 160-G Geogitter;Kunststoffe / Folien und Vliese / Technische Textilien;;
a4a4bf14-7133-48ed-89d4-b3fc68e86c7c;Tensar TriAX TX 170 Geogitter;Kunststoffe / Folien und Vliese / Technische Textilien;;
1e7a529a-d2fa-4ef5-92de-0af69eeb7b86;Tensar TriAX TX 170-GD Geogitter;Kunststoffe / Folien und Vliese / Technische Textilien;;
2912f061-b8eb-4173-aeac-cf71ff9d9e62;Tensar TriAX TX 180 Geogitter;Kunststoffe / Folien und Vliese / Technische Textilien;;
055e59ef-f034-430d-9ee1-db993dfa3a7a;Tensar TriAX TX 190L Geogitter;Kunststoffe / Folien und Vliese / Technische Textilien;;
55141e01-120e-4766-a4ec-15f62d40017a;Tensar TriAX TX 190L-G Geogitter;Kunststoffe / Folien und Vliese / Technische Textilien;;
9acfcfb5-e1ad-4490-bad1-096a76cf23b6;Tensar TriAX TX 190L-GD Geogitter;Kunststoffe / Folien und Vliese / Technische Textilien;;
54611e43-ebcd-41a4-a16c-356e8780e3c9;Tensar TriAX TX 190L-GN Geogitter;Kunststoffe / Folien und Vliese / Technische Textilien;;
63bb567f-e2c7-46c7-947f-edf620f1064f;Tensar TriAX TX 5 Geogitter;Kunststoffe / Folien und Vliese / Technische Textilien;;
ffd9a444-d0cb-47a2-bc25-32c19c85979b;Tensar TriAX TX 7 Geogitter;Kunststoffe / Folien und Vliese / Technische Textilien;;
2d22c5e2-ffd0-4f70-903d-a5d553f439dd;Baufritz HOIZ Hobelspandämmung;Dämmstoffe / Holzfasern / Holzfasern und Holzspäne, lose;;
d9fd76f0-190d-437d-bb07-549963b32d65;Beton der Druckfestigkeitsklasse C 20/25;Mineralische Baustoffe / Mörtel und Beton / Beton;;
2b2d1f3f-ab92-449d-8a2e-cd7e85818406;Beton der Druckfestigkeitsklasse C 50/60;Mineralische Baustoffe / Mörtel und Beton / Beton;;
b6096c9c-1248-4ce1-9c2d-f4a48aade80f;Beton der Druckfestigkeitsklasse C 30/37;Mineralische Baustoffe / Mörtel und Beton / Beton;;
ec17f51c-27ff-4729-977e-cd0e273c2ee3;ROCKWOOL Steinwolle-Dämmstoff im niedrigen Rohdichtebereich;Dämmstoffe / Mineralwolle / Steinwolle;;
a3662e98-9dc9-412f-9603-47f653f3db7f;Beton der Druckfestigkeitsklasse C 45/55;Mineralische Baustoffe / Mörtel und Beton / Beton;;
cbc63bd5-2bfe-4381-b644-78df1bce86f3;Beton der Druckfestigkeitsklasse C 35/45;Mineralische Baustoffe / Mörtel und Beton / Beton;;
71667cf3-ede8-42d2-b0ff-6f1071ad3b86;Beton der Druckfestigkeitsklasse C 25/30;Mineralische Baustoffe / Mörtel und Beton / Beton;;
a4fb9ec0-d5ae-414b-a0a1-2cf7f586022d;Betonfertigteil Decke 40cm;Mineralische Baustoffe / Steine und Elemente / Betonfertigteile und Betonwaren;;
3470c523-ffcd-48df-93ff-dedfde86572a;Betonfertigteil Wand 40cm;Mineralische Baustoffe / Steine und Elemente / Betonfertigteile und Betonwaren;;
eca9691f-06d7-48a7-94a9-ea808e2d67e8;ROCKWOOL Steinwolle-Dämmstoff im mittleren Rohdichtebereich;Dämmstoffe / Mineralwolle / Steinwolle;;
b0e3aedd-a5e2-4b97-b0f3-e51548912687;ROCKWOOL Steinwolle-Dämmstoff im hohen Rohdichtebereich;Dämmstoffe / Mineralwolle / Steinwolle;;
9ca6d998-da4f-42f7-a2dc-565a89134cce;FOAMGLAS® S3;Dämmstoffe / Schaumglas / Platten;;
55943b94-ad62-4372-9dfc-bc50e19e52c0;FOAMGLAS® T4;Dämmstoffe / Schaumglas / Platten;;
17b57de7-d929-44fd-8031-6180204aaf36;FOAMGLAS® W und FOAMGLAS® T3;Dämmstoffe / Schaumglas / Platten;;
fcea6f1b-08c6-464b-b480-39bdafbd9654;FOAMGLAS® F;Dämmstoffe / Schaumglas / Platten;;
0827718f-8cb2-4f4b-8dca-ce298cac1011;GLAPOR Schaumglas;Dämmstoffe / Schaumglas / Platten;;
0b20bca2-3c09-4de7-9159-e7816feeb894;MISAPOR Schaumglas 10/75;Dämmstoffe / Schaumglas / Platten;;
bc96c935-cb32-4b8c-90b1-0b83b245485e;MISAPOR Schaumglas 10/50;Dämmstoffe / Schaumglas / Platten;;
f566e363-0724-4bf9-864c-b6ed3911f60f;Modulares Automatik-Antriebssystem für Schiebetüren ES 200 Produktfamilie;Komponenten von Fenstern und Vorhangfassaden / Antriebssysteme / elektrisch;;
0d1e4a59-4901-4973-a26f-1698f65a780f;Betonpflastersteine;Mineralische Baustoffe / Steine und Elemente / Betonfertigteile und Betonwaren;;
a6310ea3-0b04-4c6f-80c2-2e7dfe080785;Dämmplatte mit Neopor® Plus;Dämmstoffe / Expandiertes Polystyrol (EPS) / EPS grau;;
5cb2c568-76fe-4803-8b46-0084e79800c8;Baustähle: Offene Walzprofile und Grobbleche;Metalle / Stahl und Eisen / Stahlprofile;;
b3cff98b-5067-4e82-a76f-b2ce058665d0;TensoSky®-System with Fluon® ETFE-FILM;Kunststoffe / Folien und Vliese / Technische Textilien;;
e76bcf28-fc7d-408e-a554-6317256cb905;Betonpflastersteine;Mineralische Baustoffe / Steine und Elemente / Betonfertigteile und Betonwaren;;
05894638-9bba-442e-aa1d-e25d86a91092;wedi Bauplatte;Komposite / Systembauteile / Innenwände;;
fe0f74c9-6966-404a-807a-684095e09a4a;PKW (Diesel) EURO 4;Sonstige / Personen - Transporte[Personen km] / PKW;;
fdcb26f9-1f0c-4766-ad94-c093e5d259e1;Pumpen von 1 m³ Beton;Sonstige / Baustellenprozesse / Betonieren;;
fcf6494c-aad2-4180-b1a2-392cc954ae52;Fassadenfarbe Dispersionsfarbe;Beschichtungen / Fassadenfarben / Dispersion;;
fbd76e49-0fb1-47e0-abba-903ce1272684;Gipsstein (CaSO4-Dihydrat);Mineralische Baustoffe / Bindemittel / Gips;;
fa976ebb-09ce-4e5b-9976-621d9ac1f12e;Glasvlies;Kunststoffe / Folien und Vliese / Vliese;;
f939c2b2-7f3d-40f8-9903-d0fc30a62d91;Pfosten/Riegel System aus Stahl mit Dreifachverglasung Fassade;Komponenten von Fenstern und Vorhangfassaden / Rahmen / Profile / Stahl;;
f8d6bd85-55e0-42d3-982b-b814387b7f58;Lava Körnung;Mineralische Baustoffe / Zuschläge / Bims;;
f74a19da-df9a-4462-a632-3b3dc83377b1;Vormauerziegel;Mineralische Baustoffe / Steine und Elemente / Ziegel;;
f54f1e4c-07e2-4045-9f1b-fb28ef8adf13;LKW;Sonstige / Güter - Transporte[t km] / LKW;;
f4d930b5-ebe0-4b12-9de0-e2ee391be029;Bagger 100 kW Aushub;Sonstige / Baustellenprozesse / Bagger/Aushub;;
f34a799a-52de-4f69-a623-335f5be207d9;End of Life von verzinktem Stahl;End of Life / Generisch / Metalle;;
f281ecaf-5754-4d27-8d70-cfd18780b192;Folie aus Polytetrafluorethylen (PTFE);Kunststoffe / Folien und Vliese / Technische Textilien;;
f0e35814-cd81-4829-abc3-84eb2eb70b56;Bagger 15 kW Aushub;Sonstige / Baustellenprozesse / Bagger/Aushub;;
ee840270-3055-428a-b38d-e7727426cc35;Gips (CaSO4-Beta-Halbhydrat);Mineralische Baustoffe / Bindemittel / Gips;;
ecf20fae-fe11-41ad-b248-8b4118fd7cc7;Eloxiertes Aluminiumblech;Metalle / Oberflächenbehandlung und Beschichtung von Metallen / Anodisieren von Aluminium;;
eaec8e5d-f70a-4993-b3a6-814607f5e7b3;Pulverlackierung (Industrie, Außenbereich, weiß);Beschichtungen / Lacke und Lasuren / Lacksysteme Metall;;
ea4ff1e8-4ee8-4ecf-8951-a79b5b60dd2a;Beschlagverbund Fenster Stahl;Komponenten von Fenstern und Vorhangfassaden / Beschläge / Stahlbeschläge;;
e9ae96ee-ba8d-420d-9725-7c8abd06e082;Bewehrungsstahl;Metalle / Stahl und Eisen / Betonstahlmatten;;
e98995e0-f945-4fea-849f-cec0aff6cb0c;Kunstharzestrich;Mineralische Baustoffe / Mörtel und Beton / Estrich trocken;;
e82b43d5-1eba-4f55-b12f-4f2a3f55d380;Photovoltaiksystem 1200 kWh/m²*a;Sonstige / Energieträger - Bereitstellung frei Verbraucher / Strom;;
e7b1d3c2-3494-4ae6-9f98-d4d507dcd0c2;Kies 2/32 getrocknet;Mineralische Baustoffe / Zuschläge / Sand und Kies;;
e6b12fcd-c1fb-40d9-a9ec-d0149c3d1cd8;Schüttung aus Polystyrolschaumstoff-Partikeln (ohne Bindemittel);Dämmstoffe / Expandiertes Polystyrol (EPS) / EPS weiß;;
e5dbd47f-b181-4d85-bafe-2efc555f6afe;Elastomer Fugenbänder, Polysulfid;Komponenten von Fenstern und Vorhangfassaden / Dichtungskomponenten / -materialien / Elastomer-Fugenbänder;;
e24f9f47-8580-45c2-b16d-45145d65a813;Faserzementplatte;Mineralische Baustoffe / Steine und Elemente / Faserzement;;
e2306538-776d-4bc5-ae3b-1c920fb40285;Blähglas Körnung;Mineralische Baustoffe / Zuschläge / Blähglas;;
dfa64bbb-dc8d-497b-9557-300416b8448f;Aluminium-Rahmenprofil, thermisch getrennt, pulverbeschichtet;Komponenten von Fenstern und Vorhangfassaden / Rahmen / Profile / Aluminium thermisch getrennt;;
dea7df16-f59b-4842-a66c-cb9463a58ae3;Kalkzement Putzmörtel;Mineralische Baustoffe / Mörtel und Beton / Putz und Putzmörtel;;
de7fbcfc-0ee0-4e65-a1f9-af1551a20281;Schotter 16/32 (getrocknet);Mineralische Baustoffe / Zuschläge / Naturstein;;
d9f045e5-ae07-4ae6-9fde-5346560411d8;End of Life von Stahlprofilen;End of Life / Generisch / Metalle;;
d941f45e-1244-419c-a083-e4a49fb5498e;Isolierglas 2-Scheiben;Komponenten von Fenstern und Vorhangfassaden / Füllungen / Transparente Füllungen;;
d84cbf6a-0a50-426f-aa3d-c45918b43575;Tragdeckschicht;Mineralische Baustoffe / Asphalt / Tragschichten;;
d7f4a913-441f-4c21-aae5-42e421737e29;Kalkputzmörtel;Mineralische Baustoffe / Mörtel und Beton / Putz und Putzmörtel;;
d7073560-4c4b-4cb0-b6bf-a902950c5109;Schnittholz Zeder (12% Feuchte/10.7% H2O);Holz / Vollholz / Bau-Schnittholz;;
d61a6f60-bcca-4bf6-a151-bd076b4c3366;Pulverbeschichten von Metallen;Metalle / Oberflächenbehandlung und Beschichtung von Metallen / Pulverbeschichten;;
d5fe89f0-5fd2-4981-bb87-e74bbf13ef88;Lacksysteme Holzfenster Grundierung weiß;Beschichtungen / Lacke und Lasuren / Lacksysteme Holzfenster;;
d596ddf7-aaf3-44cc-b7ae-faedc8d0870a;Bleibleche;Metalle / Blei / Bleibleche;;
d58a0a7c-973c-4631-a46f-2f2287757c91;Elastomer Fugenbänder, Silikonkautschuk;Komponenten von Fenstern und Vorhangfassaden / Dichtungskomponenten / -materialien / Elastomer-Fugenbänder;;
d3b59cac-3b4e-4d18-8c3a-780b553c9591;Porenbeton P4 05 bewehrt;Mineralische Baustoffe / Steine und Elemente / Porenbeton;;
d311ba82-a703-4865-b5e3-f704e5b88712;Fassadenklinker;Mineralische Baustoffe / Steine und Elemente / Ziegel;;
d22ffa89-ff2f-444c-ab59-07bc64c3f8dd;PKW (Benzin) EURO 4;Sonstige / Personen - Transporte[Personen km] / PKW;;
d1d6f54d-9709-4302-8276-fdb7d06801fd;Kalk (CaO, Feinkalk);Mineralische Baustoffe / Bindemittel / Kalk;;
d00d22e6-4e00-4522-bf0d-6da954e9c0fa;Bahntransport;Sonstige / Güter - Transporte[t km] / Bahn;;
cf963fcb-0e03-48c0-b501-ad0d1e3c22c0;Zellulosefaserplatten;Dämmstoffe / Zellulosefaser / Zelluloseplatten;;
cf6e341b-3de7-4e24-b4d2-8ac484ee7c0e;Phenolharz Hartschaum;Dämmstoffe / Phenolharz-Hartschaum (PF) / PF-Platten;;
ce3057d1-3371-47b4-a982-a1c42c2c6a85;Trinkwasser;Sonstige / Energieträger - Bereitstellung frei Verbraucher / Trinkwasser;;
ccdb5f3c-7305-46c7-ad5b-a05bb922a743;Kunststeinplatte (Epoxidharz gebunden);Mineralische Baustoffe / Steine und Elemente / Kunststein;;
cc180aec-8a5c-4e07-b1a0-1ab81dd746ac;Sperrholzplatte;Holz / Holzwerkstoffe / Sperrholz;;
c445279d-1358-4e36-9f0d-7ecfe8abda81;EPDM-Dichtungen Aluminiumprofil, thermisch getrennt;Komponenten von Fenstern und Vorhangfassaden / Dichtungskomponenten / -materialien / Dichtprofile;;
c392cbe1-9744-46d7-8ac2-4d36543f6693;PKW (Benzin) EURO 3;Sonstige / Personen - Transporte[Personen km] / PKW;;
c355d75b-9026-4899-a41c-e5d221c424f2;Zellulosefaser Einblas-Dämmstoff;Dämmstoffe / Zellulosefaser / Zellulose-Einblas-Dämmstoff;;
c34147d4-e691-4733-bf78-8a7ccd039006;PUR-Dichtmasse;Kunststoffe / Dichtmassen / PUR;;
c1cacd2c-d98d-4795-84db-b567d25bb1ed;Aluminium-Flügelrahmenprofil, thermisch getrennt, pulverbeschichtet;Komponenten von Fenstern und Vorhangfassaden / Rahmen / Profile / Aluminium thermisch getrennt;;
c1bc4706-9d3a-4468-8ecb-5a569226d75f;Lacksysteme Holzfassade deckend (Decklacksystem);Beschichtungen / Lacke und Lasuren / Lacksysteme Holzfassade;;
c1b237e1-2206-4318-8d99-f023b8aeb5d6;Sand 0/2 getrocknet;Mineralische Baustoffe / Zuschläge / Sand und Kies;;
c1328d7d-8ad6-4e74-a701-ffab0c542534;Parkettlack transparent;Beschichtungen / Lacke und Lasuren / Parkettlack;;
bff01a9a-6b09-429f-b7ff-17d84fbef7ec;EVA-Dachbahnen;Kunststoffe / Dachbahnen / EVA-Dachbahnen (Etylen-Vinylacetat);;
bdda4364-451f-4df2-a68b-5912469ee4c9;Beton-Mauersteine;Mineralische Baustoffe / Steine und Elemente / Betonfertigteile und Betonwaren;;
bd6d6d89-b76d-4002-a217-afffbb8aa308;Aluminium Profil;Metalle / Aluminium / Aluminiumprofil;;
bd6aa879-e6e6-4181-afc5-1374b2f32dd1;Schotter 16/32;Mineralische Baustoffe / Zuschläge / Naturstein;;
bc8d8fd4-6c25-4bd6-bcbf-6f994e8e5753;Silikon-Dichtmasse;Kunststoffe / Dichtmassen / Silikon;;
bc2f9dde-f2a6-4630-bf7c-0ad3870012ef;Steinzeugfliesen unglasiert;Mineralische Baustoffe / Steine und Elemente / Fliesen und Platten;;
b9c775be-d100-4d35-bdf3-c5964e655692;Befestigungsmittel/Schrauben verzinkt;Komponenten von Fenstern und Vorhangfassaden / Beschläge / Befestigungen;;
b9272c24-9228-45b1-a2a3-d361abe0bb7f;Acrylat Dichtmasse;Kunststoffe / Dichtmassen / Acrylat;;
b7fb8ab4-e1e2-4a0b-a9c4-abd6cfa6c7f3;Gipsputz (Gips);Mineralische Baustoffe / Mörtel und Beton / Putz und Putzmörtel;;
b7cacb37-7945-4518-be5a-bf7df7edf5c2;Bauschutt-Deponierung;End of Life / Generisch / Bauschutt;;
b76ded67-067b-47f6-b131-a73db86039b0;Blähschiefer;Mineralische Baustoffe / Zuschläge / Blähschiefer;;
b50fa992-e435-455a-8dfe-82254e9f4f48;Expandierter Kork;Dämmstoffe / Expandierter Kork / Expandierter Kork;;
b50f7b36-d9aa-40c5-b839-4925a1500952;Furnierschichtholz;Holz / Holzwerkstoffe / Funierschichtholz;;
b342696e-2ebb-4fe1-a71d-f3520db0cee9;Betonfertigteil Wand 12cm;Mineralische Baustoffe / Steine und Elemente / Betonfertigteile und Betonwaren;;
b2c3f5a3-7858-4644-a49a-2eb883d37c91;Zementmörtel;Mineralische Baustoffe / Mörtel und Beton / Mauermörtel;;
b1efabb9-6371-4b96-9ee2-d1f11f9f3b25;Fenster-Beschlag für Drehkippfenster (Aluminium);Komponenten von Fenstern und Vorhangfassaden / Beschläge / Aluminiumbeschläge;;
b1ea7c10-4471-4485-95bf-7dc0a00025b6;Kraftpapier;Kunststoffe / Folien und Vliese / Baupappen;;
b060ccb6-2e27-456e-87c4-0b5d4453d917;Fugendichtungsbänder Butyl;Komponenten von Fenstern und Vorhangfassaden / Dichtungskomponenten / -materialien / Fugendichtungsbänder;;
af13e5a8-0961-454a-ad3a-7093a37fc802;Flachsvlies;Dämmstoffe / Flachsfaser / Vlies;;
aea021e8-7e2f-4f6b-ae3f-a76cba4c5d6e;Schnittholz Kiefer (12% Feuchte/10.7% H2O);Holz / Vollholz / Bau-Schnittholz;;
ad94ce55-af1d-4da0-963c-bf263aaa37ee;Gussasphalt;Mineralische Baustoffe / Asphalt / Gussassphalt;;
ac373f25-b524-430b-897a-bfb2cdf027bf;Containerschiff;Sonstige / Güter - Transporte[t km] / Seeschiff;;
ac361408-4ede-4ed2-a638-598ee3c53285;Balkenschichtholz Nadelholz;Holz / Vollholz / Balkenschichtholz (Duo-Triobalken);;
ab0a0f3c-41f6-4b0a-a12c-f8bd0c8a4a23;Betonfertigteil Treppe (1,1 m Breite, 9 Stufen a 16 cm);Mineralische Baustoffe / Steine und Elemente / Betonfertigteile und Betonwaren;;
aaf4baca-7530-435b-8736-0bd3bb51e36d;ECB Kunststoff-Dachbahn nach DIN 16729 (mit PES Vlies);Kunststoffe / Dachbahnen / ECB-Dachbahnen (Ethylen-Copolymer-Bitumen);;
aadadf2a-2896-4681-bc4c-61ea4616f801;Fugendichtungsbänder PE/PP-Folie;Komponenten von Fenstern und Vorhangfassaden / Dichtungskomponenten / -materialien / Fugendichtungsbänder;;
aa391256-fbce-4f8d-b6ff-db6939bf37b2;LKW-Zug;Sonstige / Güter - Transporte[t km] / LKW;;
a6b26cf9-3f9a-4abc-9412-87fdc0cdf3f6;Bitumen Emulsion (40% Bitumen, 60% Wasser);Kunststoffe / Dichtmassen / Bitumen;;
a60431a7-10aa-4106-bc7c-c6acb01ee9b3;Pfosten/Riegelsystem aus Stahl;Komponenten von Fenstern und Vorhangfassaden / Rahmen / Profile / Stahl;;
a4fceab4-71a2-46c9-ac9a-19a964d48ce5;Hüttensteine;Mineralische Baustoffe / Steine und Elemente / Leichtbeton;;
a4d16918-287f-43af-831d-baf80093fe4a;Brechsand 0/2;Mineralische Baustoffe / Zuschläge / Naturstein;;
a4c1c27c-53a0-4027-83f6-88c52c758bb1;Aluminiumblech;Metalle / Aluminium / Aluminiumbleche;;
a0d69f94-040e-44b1-a88b-bbaeeb0aae2a;Zementgebundene Spanplatte;Holz / Holzwerkstoffe / Spanplatten;;
a051b8eb-5e03-486a-b9c3-bfc9d19234de;Kunststoffteil aus laminiertem Polyesterharz (GFK, 30% Glasfaseranteil);Kunststoffe / Profile / Kunststoffprofile hart;;
9cbdbafe-8377-46ca-a640-8e3c8fc518c0;Stahl Feinblech (0,3-3,0mm);Metalle / Stahl und Eisen / Stahlbleche;;
98e0caab-5f0b-452f-a3d2-4e0256a799f3;Fugendichtungsbänder Polyisobutylen;Komponenten von Fenstern und Vorhangfassaden / Dichtungskomponenten / -materialien / Fugendichtungsbänder;;
97505f38-cf73-475a-a8d8-cc2db219565b;Verbrennung Altteppich in MVA inkl. Gutschrift;End of Life / Generisch / Kunststoffe;;
95c6760d-1605-430b-8216-825f6c0ac409;Lösemittellack weiß;Beschichtungen / Lacke und Lasuren / Lacksysteme Metall;;
95a4f4b3-b354-4e2c-9046-0a36175cd768;PE/PP Vlies;Kunststoffe / Folien und Vliese / Vliese;;
948f8f68-f1f2-42f6-8350-6e27d6e80c7c;Fassadenfarbe Voranstrich Dispersion;Beschichtungen / Grundierungen / Grundierungen Farben und Putze;;
93edef71-49e3-4e1f-ba6d-1e449e7d328d;Stahl Feinblech (20µm bandverzinkt);Metalle / Stahl und Eisen / Stahlbleche;;
93eb05bd-e607-46de-8d7b-e0727f8d2400;End of Life von Aluminium;End of Life / Generisch / Metalle;;
93eac197-0003-41ea-b81f-e517dd3389fb;Metallbeschichtung (wasserbasiert);Metalle / Oberflächenbehandlung und Beschichtung von Metallen / (Nass-) Lackieren von Metallen;;
9357b7fc-cf0a-45fc-8299-e794e3889a40;Betonfertigteil Decke 20cm;Mineralische Baustoffe / Steine und Elemente / Betonfertigteile und Betonwaren;;
91ea177a-e65a-4fe2-ac2d-2f378a03e168;Flügelrahmen PVC-U;Komponenten von Fenstern und Vorhangfassaden / Rahmen / Profile / PVC;;
906b4864-0511-480f-a8bc-7b8302efbf0b;Porenbeton P2 04 unbewehrt;Mineralische Baustoffe / Steine und Elemente / Porenbeton;;
900336a3-b5f9-4c40-91a9-f9551f84ac64;PE-HD mit PP-Vlies zur Abdichtung;Kunststoffe / Folien und Vliese / Folien zur Abdichtung;;
8de12467-96a0-459e-9f97-90e95fb7b23f;Naturbims Körnung;Mineralische Baustoffe / Zuschläge / Bims;;
8d6eba49-1c20-444a-8b34-0b6b47379618;Pfosten/Riegelsystem aus Aluminium mit Dreifachverglasung Fassade;Komponenten von Fenstern und Vorhangfassaden / Rahmen / Profile / Aluminium thermisch getrennt;;
8cfea619-e284-4b6f-a281-46e362a868c4;Photovoltaiksystem 1000 kWh/m²*a (ohne Stromgutschrift);Sonstige / Energieträger - Bereitstellung frei Verbraucher / Strom;;
8cf90240-cbdd-4415-93a8-9c56da22f111;HPL-Platte;Kunststoffe / Kunststoffprofile elastisch / Harz-Komposit Fassadenplatten;;
8c47fba4-0e61-48d1-a03f-bf17911f0dae;Schnittholz Lärche (12% Feuchte/10.7% H2O);Holz / Vollholz / Bau-Schnittholz;;
8be785fa-5548-4ea5-a2d7-b962675b9eff;Lehmputz;Mineralische Baustoffe / Mörtel und Beton / Putz und Putzmörtel;;
8b3ee4e2-c086-41dc-bd07-e9e853f9da8b;Aluminium-Rahmenprofil, pulverbeschichtet;Komponenten von Fenstern und Vorhangfassaden / Rahmen / Profile / Aluminium;;
88559403-7658-48f2-bac9-7986b4d0f4c2;Edelstahlblech;Metalle / Edelstahl / Edelstahlbleche;;
884efbb3-7be6-4e4d-9726-c39c1b781436;Kunststoffprofil CR (Chloropren-Kautschuk);Kunststoffe / Profile / Kunststoffprofile elastisch;;
85de02e5-2782-4050-9c01-c5de3849fbce;Asphalttragschicht;Mineralische Baustoffe / Asphalt / Tragschichten;;
85c41389-d62e-4dff-a819-896b35367cbc;Voranstrich (Silikat-Dispersion);Mineralische Baustoffe / Mörtel und Beton / Putz und Putzmörtel;;
859897ae-5ea2-4b55-9508-49297dd6ba6c;Parkettlack (Grundierung Holz, wasserverdünnt);Beschichtungen / Lacke und Lasuren / Parkettlack;;
83cf5d3d-0567-4493-894f-df30ff71e375;Elastomer Fugenbänder, Polyurethan;Komponenten von Fenstern und Vorhangfassaden / Dichtungskomponenten / -materialien / Elastomer-Fugenbänder;;
839771be-ab23-4873-8b14-b2aa0f6ce9d9;Anhydrit Mix;Mineralische Baustoffe / Bindemittel / Gips;;
82c7e263-3026-45f8-aec7-ebdf818464e4;Perlite 0-1;Mineralische Baustoffe / Zuschläge / Perlite;;
826fa2c2-c691-4844-83d3-aea0e8a54bcd;Dachziegel;Mineralische Baustoffe / Steine und Elemente / Dachziegel;;
81a76ff5-8928-4f71-8e1f-c7c78b7e5a95;Bimssand;Mineralische Baustoffe / Zuschläge / Bims;;
815fb8f6-04cc-494d-ab6b-1b6eae98bfca;Fassadenfarbe Silikonharzfarbe;Beschichtungen / Fassadenfarben / Silikonharz;;
8041ec07-5885-40dc-bfc9-190013f6749b;Brettschichtholz Nadelholz;Holz / Vollholz / Brettschichtholz (BSH);;
7f42c7cf-16b7-4f9c-b1e6-29cad918d3f1;Lieferwagen;Sonstige / Güter - Transporte[t km] / LKW;;
7ec1d463-fd99-4b1d-9a57-9a72cac408d2;Schnittholz Eiche (12% Feuchte/10.7% H2O);Holz / Vollholz / Bau-Schnittholz;;
7de64e7e-6f5a-4027-b32b-4fab37c80c1b;Massengutfrachter Hochsee;Sonstige / Güter - Transporte[t km] / Seeschiff;;
7d8cb95b-99c2-4824-97a0-55d2fca5cedd;Gummi-Bodenbelag mit Schaumstoffbeschichtung EN 1816;Kunststoffe / Bodenbeläge / Gummi-/Kautschuk-Bodenbeläge;;
7baed44c-c80b-4340-b3af-f01d71fbbb43;Kalkfarbe;Beschichtungen / Innenbeschichtungen / Innenfarben;;
7a4d3393-a33a-47c8-b42f-42d8ec6a90f6;Kautschuk-Dichtmasse;Kunststoffe / Dichtmassen / Kautschuk;;
795ab193-fc50-463d-a5f8-e37d5336ee78;Transparente Platten PMMA, gegossen;Kunststoffe / Kunststoffprofile elastisch / Transparente Platten;;
79075297-4dc0-42c6-bc90-e3bf9fa0fb4c;Natursteinplatte, weich, Fassade;Mineralische Baustoffe / Steine und Elemente / Naturwerkstein;;
78b7cd15-d82a-4ffa-ae08-870b6e5d35d4;Fliesenkleber;Mineralische Baustoffe / Mörtel und Beton / Kleber und Klebemörtel;;
785d5ac4-c69d-4e00-941e-26433c1d023d;Aluminiumfolie (d=0,1 mm);Metalle / Aluminium / Aluminiumfolie;;
76d3f78a-8743-49fe-b4a1-f43b819cb930;Holzwolle-Leichtbauplatte;Dämmstoffe / Holzwolleplatten / Holzwolleleichtbauplatten;;
763abb33-ad4f-44fa-bc49-8c483e67b2b1;Kunststoffprofil Silikon;Kunststoffe / Profile / Kunststoffprofile elastisch;;
7511c948-c441-42fb-9ff1-cfdc54e58d7e;Nylon Gussteil (PA 6.6);Kunststoffe / Profile / Kunststoffprofile hart;;
7502766c-df2f-4f8d-8d45-17bb6938eac8;Splitt 2/15 (getrocknet);Mineralische Baustoffe / Zuschläge / Naturstein;;
74a7b85a-c028-4cf1-987e-7dfddcb9033b;Fünf-Schichtholzplatte;Holz / Holzwerkstoffe / 3- und 5-Schichtplatten;;
72c69944-5250-4269-ad34-2e20e5e38231;Fenster-Beschlag für vertikales Schiebefenster;Komponenten von Fenstern und Vorhangfassaden / Beschläge / Aluminiumbeschläge;;
70f6e305-e46f-4719-a94f-70267b936029;Kalk-Gips-Innenputz;Mineralische Baustoffe / Mörtel und Beton / Putz und Putzmörtel;;
7082b2c3-5203-40ba-a6f8-d16edba60f5f;Melaminharz-Schaum;Dämmstoffe / Melaminharz / Schaum;;
704177f4-78cd-47a3-b71c-07899df86615;Schüttung aus Polystyrolschaumstoff-Partikeln (zementgebunden);Dämmstoffe / Expandiertes Polystyrol (EPS) / EPS weiß;;
703eec32-59af-47e1-9c91-4a32afe3187f;Konstruktionsvollholz;Holz / Vollholz / Konstruktionsvollholz;;
6fc1267a-1f4d-4244-a65e-df8a0a3ccc50;Polycarbonatplatte;Kunststoffe / Profile / Kunststoffprofile hart;;
6b6b68f8-34a4-4a0f-97ee-714bf106c3e0;Asphaltbinder;Mineralische Baustoffe / Asphalt / Asphaltbinder;;
66990642-726e-4483-abc3-d5d0b4d7a5e7;Aluminium-Flügelrahmenprofil, pulverbeschichtet;Komponenten von Fenstern und Vorhangfassaden / Rahmen / Profile / Aluminium;;
6619216d-9c9c-4a5e-b5fb-a624e300ff67;Photovoltaiksystem 1000 kWh/m²*a;Sonstige / Energieträger - Bereitstellung frei Verbraucher / Strom;;
66094ad5-51d6-45c4-b2e3-451220520cab;EPDM-Dichtungen für Aluminiumprofil;Komponenten von Fenstern und Vorhangfassaden / Dichtungskomponenten / -materialien / Dichtprofile;;
65af52ac-382b-4069-aafe-b044b3960356;Polyethylen-Schaum;Dämmstoffe / Polyethylen / Schaum;;
64d4586d-6542-48db-95df-312fb6365d74;Photovoltaiksystem 1200 kWh/m²*a (ohne Stromgutschrift);Sonstige / Energieträger - Bereitstellung frei Verbraucher / Strom;;
6405878c-ed34-4bee-b100-5208a3212ec6;Calziumsilikatplatte;Dämmstoffe / Calciumsilikat / Calcium-Silikathydrat / Calciumsilikat;;
61655387-edd4-4800-ba3e-67bc15f2f096;Sand 0/2;Mineralische Baustoffe / Zuschläge / Sand und Kies;;
60e8b384-adf2-4c3b-b3da-e407df106cf5;Spanplatte (Durchschnitt);Holz / Holzwerkstoffe / Spanplatten;;
606d978a-c44a-4b3e-8387-b1291b12e522;Lehmstein;Mineralische Baustoffe / Steine und Elemente / Lehmsteine;;
601af947-1f14-474d-8233-780715a12268;Einblasdämmung Mineralwolle;Dämmstoffe / Mineralwolle / Mineralwolle;;
5ef0c519-f5b2-4d45-809d-5f417f90e90b;Hanfvlies;Dämmstoffe / Hanffaser / Vlies;;
5e90e94d-6e79-4d9f-854c-fb33f15c033e;Blendrahmen PVC-U;Komponenten von Fenstern und Vorhangfassaden / Rahmen / Profile / PVC;;
5ce375b1-eb6d-4fc7-84bb-11ae702d3056;Gips (CaSO4-Alpha-Halbhydrat);Mineralische Baustoffe / Bindemittel / Gips;;
5cc8769c-da1b-4967-bb4d-c8fe7b4c359d;Vegetationssubtrat;Mineralische Baustoffe / Steine und Elemente / Substrate;;
5bebcf89-2e6b-46ce-b05e-3e02929c8af4;Gussasphaltestrich;Mineralische Baustoffe / Asphalt / Gussassphalt;;
5ae00c4e-1b1c-4374-9864-2aee735a0563;Bitumen Kaltkleber (60% Bitumen, 23%LM, 17% Wasser);Kunststoffe / Dichtmassen / Bitumen;;
5a88b96e-23d0-4656-9ee2-fc271c89c95b;Transparente Platten PVC;Kunststoffe / Kunststoffprofile elastisch / Transparente Platten;;
59860874-85ef-48e6-9b04-07c0de468a47;Massengutfrachter Küste;Sonstige / Güter - Transporte[t km] / Seeschiff;;
59622fc0-d719-43bf-a16b-ae924ae0d276;Stampflehmwand;Mineralische Baustoffe / Steine und Elemente / Lehmsteine;;
57a87943-dbdd-4221-bbd2-481b8fcd1d2b;Porenbeton Granulat;Mineralische Baustoffe / Steine und Elemente / Porenbeton;;
57a22bb4-0370-471f-b76c-52699e702966;Kabelkanal PVC hart;Kunststoffe / Profile / Kunststoffprofile hart;;
56d90d2e-11c8-4b49-bc6c-c61f682d0be1;Verbrennung Polystyrol (PS) in MVA inkl. Gutschrift;End of Life / Generisch / Kunststoffe;;
5662c927-cd47-46e5-b753-925db31b9870;Sonnenschutztuch;Kunststoffe / Folien und Vliese / Technische Textilien;;
563350f7-fb56-4363-b86a-690227dd450e;Sonnenschutzlammellen Metall;Komponenten von Fenstern und Vorhangfassaden / Füllungen / Opake Füllungen;;
55a89d7b-b585-404f-be34-bb7285730a89;Armierung (Kunstharzspachtel);Mineralische Baustoffe / Mörtel und Beton / Kleber und Klebemörtel;;
55945019-018a-46da-baae-a3ee62d59cf3;End of Life von Edelstahl;End of Life / Generisch / Metalle;;
553d7a7a-bf66-4a69-b1ae-6cf15e396935;End of life - Holz naturbelassen in MVA;End of Life / Generisch / Holz;;
531ab34f-6750-41a8-aedc-35cf4df3c8b1;Stahl warmgewalzte Bleche (2-20mm);Metalle / Stahl und Eisen / Stahlbleche;;
510e8761-8b2d-46a5-b8df-6d1ac321ce92;Klein-LKW;Sonstige / Güter - Transporte[t km] / LKW;;
50c9e674-afd9-456c-9440-6506bec6d55b;Feuerverzinktes Stahlblech;Metalle / Stahl und Eisen / Stahlbleche;;
50180064-236e-4e52-9a1e-f172dde80844;Kalkzementmörtel;Mineralische Baustoffe / Mörtel und Beton / Mauermörtel;;
4bf26663-9018-47a1-943d-8ed4d3f87d0f;Fenster-Beschlag für Doppelflügelfenster;Komponenten von Fenstern und Vorhangfassaden / Beschläge / Aluminiumbeschläge;;
4bb6f0f6-178c-41e0-8700-bd597f23ccb8;Dampfbremse PA;Kunststoffe / Folien und Vliese / Dampfbremse / Dampfsperre;;
4a937f66-c9c2-402b-9a00-83767031bfa7;Bauschuttaufbereitung;End of Life / Generisch / Bauschutt;;
4a7c30d1-37d7-47e2-8271-dbb3bee91560;Kunstharzputz;Mineralische Baustoffe / Mörtel und Beton / Putz und Putzmörtel;;
44e4bf51-8e23-47e3-8f5e-5243525bb32e;End of life - Holzwerkstoffe in MVA;End of Life / Generisch / Holz;;
44c57da1-24ce-488d-b4f9-283fa603cc9d;Perlite 0-3;Mineralische Baustoffe / Zuschläge / Perlite;;
43e99b8c-90d8-4fcd-90ce-342fb0b7366e;XPS-Dämmstoff;Dämmstoffe / Extrudiertes Polystyrol (XPS) / XPS weiß;;
43c3fd78-c67e-438b-b726-dd512df5d881;Kleber für Gipsplatten;Mineralische Baustoffe / Mörtel und Beton / Kleber und Klebemörtel;;
41ecf1e2-3edd-41ab-8616-68a856c815a5;Befestigungsmittel/Schrauben Edelstahl;Komponenten von Fenstern und Vorhangfassaden / Beschläge / Befestigungen;;
41b8a86d-5d44-49fb-a9b8-de2a9041f1fd;Transparente Platten PMMA, extrudiert;Kunststoffe / Kunststoffprofile elastisch / Transparente Platten;;
41a60838-5c4e-4dbb-8a36-16cfc8fba26f;Drei-Schichtholzplatte;Holz / Holzwerkstoffe / 3- und 5-Schichtplatten;;
4127e60a-3c42-4076-83f5-5232b4ed642e;Holz-Blendrahmen;Komponenten von Fenstern und Vorhangfassaden / Rahmen / Profile / Holz;;
3d9f0293-304f-4731-8136-326cebf8b1f0;Lehmpulver;Mineralische Baustoffe / Bindemittel / Lehm;;
3ce61a4e-4d91-4b1d-b675-276be05b9225;Kies 2/32;Mineralische Baustoffe / Zuschläge / Sand und Kies;;
3ce53be7-a3e5-4757-b7f9-68a6ecf66eb9;Rollladen Kunststoff;Komponenten von Fenstern und Vorhangfassaden / Füllungen / Opake Füllungen;;
3a99d696-4911-45da-9f80-647ce214bca0;Voranstrich (Kunstharz);Mineralische Baustoffe / Mörtel und Beton / Putz und Putzmörtel;;
39da14a3-8f39-4af9-955c-6a70f091acb8;PVC Fußbodenbelag;Kunststoffe / Bodenbeläge / PVC-Bodenbeläge;;
39bd1632-3f36-410c-86d9-cab27e91b1c5;Kalziumhydroxid (Ca(OH)2, trocken, gelöscht);Mineralische Baustoffe / Bindemittel / Kalk;;
393f494d-8738-4330-aa5e-1652bb29b574;Holzfaserdämmplatte (Nassverfahren);Dämmstoffe / Holzfasern / Holzfaserdämmplatte;;
38ddefe2-e01c-4ece-9952-a353b7dfb246;Fenstergriff;Komponenten von Fenstern und Vorhangfassaden / Beschläge / Fenstergriffe;;
38051c22-fbd1-4b0e-944a-ae348b8c7695;Stahlprofil;Metalle / Stahl und Eisen / Stahlprofile;;
35be6146-5a80-4a9e-a32d-5d05c03a8d5c;Innenfarbe Dispersionsfarbe scheuerfest;Beschichtungen / Innenbeschichtungen / Innenfarben;;
34d3bb5e-f241-45b4-b257-123281364d97;Calciumsulfatestrich;Mineralische Baustoffe / Mörtel und Beton / Estrich trocken;;
34694710-3153-4055-806d-9e841f266fd2;Verbrennung Hausmüll;End of Life / Generisch / Hausmüll;;
31a96d5c-66a3-4de1-a957-6aa4f8f4e53d;Kunststoffprofil EPDM;Kunststoffe / Profile / Kunststoffprofile elastisch;;
318f08e0-1b04-49eb-ab16-531482cd75da;Holz-Flügelrahmen;Komponenten von Fenstern und Vorhangfassaden / Rahmen / Profile / Holz;;
313e549a-2f91-4f34-8314-02a4b59cbe60;Binnenschiff (Berg-Tal Durchschnitt);Sonstige / Güter - Transporte[t km] / Binnenschiff;;
3057d7c0-7bee-4ba2-9edf-517d4cd97a14;Schnittholz Fichte (12% Feuchte/10.7% H2O);Holz / Vollholz / Bau-Schnittholz;;
2e5ca27a-fcd0-4dc1-b0ab-4a4c7eb4e030;Lacksysteme Holzfenster Decklack weiß;Beschichtungen / Lacke und Lasuren / Lacksysteme Holzfenster;;
2d30b3f0-d118-4b24-a037-11f154b43f6f;Inertstoffdeponierung (Glas);End of Life / Generisch / Bauschutt;;
2c076ee7-3853-4f69-9bf5-8ec265fa43e0;PIR Hartschaum;Dämmstoffe / Polyurethan-Hartschaum (PU) / PIR-Hartschaum;;
29e6c6cf-0552-4e4b-85c7-26a68a625252;Kalksandstein Mix;Mineralische Baustoffe / Steine und Elemente / Kalksandstein;;
26ad7410-7fcb-42e8-b622-d1ba2edbf10c;Splitt 2/15;Mineralische Baustoffe / Zuschläge / Naturstein;;
2603f11f-509b-4bf2-910e-2fd358c16ff3;Waschbims;Mineralische Baustoffe / Zuschläge / Bims;;
230cd2c6-0b79-461b-b51a-d092e66843ca;Brechsand 0/2 (getrocknet);Mineralische Baustoffe / Zuschläge / Naturstein;;
222023f8-36c2-4345-a863-b49828a41e96;Transparente Platten PC;Kunststoffe / Kunststoffprofile elastisch / Transparente Platten;;
208395ce-85db-4ec3-ab24-8e5920f58077;CR Profil (Chloropren-Kautschuk);Komponenten von Fenstern und Vorhangfassaden / Dichtungskomponenten / -materialien / Dichtprofile;;
207cde6a-73be-4ffb-972d-30d3d8619fc3;Gipskartonplatte (Lochplatte);Mineralische Baustoffe / Steine und Elemente / Gipsplatten;;
206deb33-2710-417d-9b92-aa70c7958334;Baumwolle konventionell;Dämmstoffe / Baumwolle / Baumwolle konventionell;;
1f2d6e42-9ffc-421d-990d-555eee4a7529;Glasbausteine;Mineralische Baustoffe / Steine und Elemente / Glasbausteine;;
1d2945e3-856e-4c5f-9894-e75bafad3a76;Pfosten/Riegelsystem aus Aluminium;Komponenten von Fenstern und Vorhangfassaden / Rahmen / Profile / Aluminium thermisch getrennt;;
1b69b3a2-3164-436b-a934-ed7d926f5f53;Kunststoffprofil SBR;Kunststoffe / Profile / Kunststoffprofile elastisch;;
1b50fee4-e5e3-41a0-9741-ab81fb4297d6;Fugendichtungsbänder Gewebebänder;Komponenten von Fenstern und Vorhangfassaden / Dichtungskomponenten / -materialien / Fugendichtungsbänder;;
1a4a4522-7297-4ae5-a430-689e89ec2159;Lacksysteme Holzfassade halb-pigmentiert (Lasursystem);Beschichtungen / Lacke und Lasuren / Lacksysteme Holzfassade;;
1a43ae76-2dc9-4a3a-9926-47e7137e773d;Porenbeton P4 05 unbewehrt;Mineralische Baustoffe / Steine und Elemente / Porenbeton;;
19f46be3-d65a-441f-8d74-dfc412160cf1;Splittmastixasphalt SMA;Mineralische Baustoffe / Asphalt / Splittmastixasphalt;;
1490b480-2c36-43f2-ba8b-4ea49948f7c3;Fensterglas einfach;Komponenten von Fenstern und Vorhangfassaden / Füllungen / Transparente Füllungen;;
118d1b5e-5f22-4d04-8711-c4b02de02209;Metalllack (lösemittelbasiert);Metalle / Oberflächenbehandlung und Beschichtung von Metallen / (Nass-) Lackieren von Metallen;;
0f072f06-faa5-466e-970c-a7215685f5a2;Wasserlack weiß;Beschichtungen / Lacke und Lasuren / Lacksysteme Metall;;
0e39587e-8c05-4a8e-80b5-bb9a57bbe164;PVC Plastisol;Kunststoffe / Dichtmassen / PVC;;
0b488798-140f-4efa-96e2-55aa46ed129a;Fassadenfarbe Voranstrich Silikat-Dispersion;Beschichtungen / Grundierungen / Grundierungen Farben und Putze;;
0b0d0210-c31d-4fc7-b11a-9cdfe0a87ed6;Gipsputz (Gips-Kalk-Putz);Mineralische Baustoffe / Mörtel und Beton / Putz und Putzmörtel;;
0973f221-2284-4892-ae3d-1b8c2986b6dd;Zementestrich;Mineralische Baustoffe / Mörtel und Beton / Estrich trocken;;
08bdbef6-9134-422f-8504-00eeee75d31f;Harnstoff-Formaldehydharz Ortschaum;Dämmstoffe / Harnstoff-Formaldehydharz / Ortschaum;;
08bbc2e2-1513-4ce3-816e-99e95fdafc4e;Schnittholz Buche (12% Feuchte/10.7% H2O);Holz / Vollholz / Bau-Schnittholz;;
08138b62-1b5f-497a-bf9a-d7f857a2e575;Lacksysteme Holzfenster Zwischenbeschichtung deckend weiß;Beschichtungen / Lacke und Lasuren / Lacksysteme Holzfenster;;
07f3cd13-22bb-494d-803a-f0a440fbce7a;Kalk-Innenputz;Mineralische Baustoffe / Mörtel und Beton / Putz und Putzmörtel;;
0725cceb-9c2f-47aa-a8df-fce85bba8360;PKW (Diesel) EURO 3;Sonstige / Personen - Transporte[Personen km] / PKW;;
061f0d5b-61f4-476d-9f2e-96f6a6df7786;Baumwolle ökologisch;Dämmstoffe / Baumwolle / Baumwolle ökologisch;;
05e29752-ffbf-4c5e-aaed-041782f566da;Hausmülldeponie;End of Life / Generisch / Hausmüll;;
0532424f-838f-4411-b8cc-0e29ad16d64b;Verbrennung Kunststoff in MVA inkl. Gutschrift;End of Life / Generisch / Kunststoffe;;
02f2750e-eec2-492a-9f05-b9600593b6c5;Fassadenfarbe Silikat-Dispersionsfarbe;Beschichtungen / Fassadenfarben / Silikat-Dispersion;;
00c28f1f-1d49-4c81-9208-138922a1dd6c;Fenster-Beschlag für horizontales Schiebefenster;Komponenten von Fenstern und Vorhangfassaden / Beschläge / Aluminiumbeschläge;;
ff9336ea-fb7f-4299-8a40-5e9a28538c85;Bitumenbahnen PYE PV 200 S5 (ungeschiefert) (Dicke 0,004 m);Kunststoffe / Dachbahnen / Bitumen-Dachbahnen;;
fa9f6670-3170-4597-92ab-a2fdec7f1451;Dreifachverglasung (Dicke: 0,036 m);Komponenten von Fenstern und Vorhangfassaden / Füllungen / Transparente Füllungen;;
f814e7e2-e438-4ea9-80cc-81254d01aba2;Gummi-Bodenbelag profiliert EN 12199 (Dicke 0,00355 m);Kunststoffe / Bodenbeläge / Gummi-/Kautschuk-Bodenbeläge;;
ef0d9cbc-4e89-4e78-8cb2-68f02a49b87d;Natursteinplatte, weich, Innenboden (Dicke 0,020 m);Mineralische Baustoffe / Steine und Elemente / Naturwerkstein;;
e9be7506-62ce-45b8-853f-c45c3f82401f;Marmorplatte (Dicke 0,02 m);Mineralische Baustoffe / Steine und Elemente / Naturwerkstein;;
e8db532f-ee15-42a4-89c3-5ef789e1fb8f;Natursteinplatte, hart, Innenboden (Dicke 0,02 m);Mineralische Baustoffe / Steine und Elemente / Naturwerkstein;;
e5f97559-bb92-4c23-a722-480da1b559ad;Korklinoleum Fußbodenbelag (Dicke 0,0025 m);Kunststoffe / Bodenbeläge / Linoleum-Bodenbeläge;;
def9e058-ac16-489e-9457-db7645404194;Mineralfaser Deckenplatten (Dicke 0,015 m);Mineralische Baustoffe / Steine und Elemente / Deckenplatten;;
deb7fe73-3eb8-4f80-937b-7ce3a0a977ed;Unterspannbahn PP (Dicke 0,00015 m);Kunststoffe / Folien und Vliese / Unterspannbahn;;
da72684f-471c-425b-817d-69f262323f04;Gipskartonplatte (Feuerschutz)(Dicke 0,0125 m);Mineralische Baustoffe / Steine und Elemente / Gipsplatten;;
da4b704a-c901-414f-943f-8e1ff0f4566c;Natursteinplatte, hart, Außenbereich (Dicke 0,08 m);Mineralische Baustoffe / Steine und Elemente / Naturwerkstein;;
d56bd904-09a0-4d30-bdbe-5d4f892cc12b;Bitumenbahnen PYE-PV 200 S5 ns (geschiefert) (Dicke 0,004 m);Kunststoffe / Dachbahnen / Bitumen-Dachbahnen;;
cb3f4a56-460c-4a3e-ae43-3e0a9dcb4319;Natursteinplatte, hart, Fassade (Dicke 0,030 m);Mineralische Baustoffe / Steine und Elemente / Naturwerkstein;;
bc50a404-ddf0-4f37-b62f-95130786b004;Dampfbremse PET gitterverstärkt (Dicke 0,0001 m);Kunststoffe / Folien und Vliese / Dampfbremse / Dampfsperre;;
b4a0e610-e038-47d3-b86e-cef013cd7c83;Steinzeugfliesen glasiert (Dicke 0,01 m);Mineralische Baustoffe / Steine und Elemente / Fliesen und Platten;;
ab574186-139f-4816-b7c1-d457b1258c7d;Trockenestrich (Gipskartonplatte) (Dicke 0,025 m);Mineralische Baustoffe / Steine und Elemente / Trockenestrich;;
a9a79b38-dc2c-4b51-a3cc-cf9fa0d299e7;Trockenestrich (Gipsfaserplatte) (Dicke 0,025 m);Mineralische Baustoffe / Steine und Elemente / Trockenestrich;;
a92bd5a5-7cef-4050-8659-20a8d5a7a72b;Unterspannbahn PUR auf PET-Vlies (Dicke 0,0005 m);Kunststoffe / Folien und Vliese / Unterspannbahn;;
99792cbc-c5f4-4d2d-bc9e-3790509891a0;Dampfbremse PE (Dicke 0,0002 m);Kunststoffe / Folien und Vliese / Dampfbremse / Dampfsperre;;
9049a94f-a527-4d87-a4b9-5a3a56f5ea19;Schiefer (Dicke 0,011 m);Mineralische Baustoffe / Steine und Elemente / Schiefer;;
8a37ac61-585c-43a8-9773-10fce30096e4;Folie für Gründach (Dicke 0,001 m);Kunststoffe / Folien und Vliese / Unterspannbahn;;
88619ce6-c0aa-43bd-9ac6-477b5d6ce442;Stabparkett (thickness 0,015 m);Holz / Holzböden / Parkett;;
76ab64f6-6d08-4b67-8cd7-13d26e68d95a;Fußbodenbelag mehrschichtiges Nadelvlies (Dicke 0,006 m);Kunststoffe / Bodenbeläge / Textile Bodenbeläge;;
73d1c1b7-d509-44c8-8518-848babdd7c01;Bitumenbahnen V 60 (Dicke 0,005 m);Kunststoffe / Dachbahnen / Bitumen-Dachbahnen;;
6d535792-4351-4d7d-97c6-6d2c3624f3e0;Gipsfaserplatte (Dicke 0,01 m);Mineralische Baustoffe / Steine und Elemente / Gipsplatten;;
6aff7a60-d7cd-430e-8b15-02556b6f62ff;Lehmbauplatte (Dicke 0,02 m);Mineralische Baustoffe / Steine und Elemente / Lehmsteine;;
66a90b47-27b8-46ce-830e-8ed22f4165d8;Unterspannbahn PE gewebeverstärkt (Dicke 0,00015 m);Kunststoffe / Folien und Vliese / Unterspannbahn;;
64da45fc-f415-4875-8a4e-7c23fe7a7aa9;Bitumenbahnen G 200 S4 (Dicke 0,004 m);Kunststoffe / Dachbahnen / Bitumen-Dachbahnen;;
56e977b3-d042-4843-b40d-3a33dbb5a555;Linoleum (Dicke 0,0025 m);Kunststoffe / Bodenbeläge / Linoleum-Bodenbeläge;;
4f4e989b-bd5e-4d85-9a50-53f3c61eea70;PVC-Dachbahnen (Dicke 0,0012 m);Kunststoffe / Dachbahnen / PVC-Dachbahnen;;
4e2c6692-148d-4311-b0cf-f0f174002d9e;Korkplatten 1m² (Dicke 0,008 m);Holz / Holzböden / Kork;;
49b4cbe9-ac63-4811-a1c7-dd7278db8ac0;PE-Noppenfolie zur Abdichtung (Dicke 0,00125 m);Kunststoffe / Folien und Vliese / Folien zur Abdichtung;;
3b66b7be-bc1e-4dd4-8779-453d4f81825f;Mehrschichtparkett (Dicke 0,01 m);Holz / Holzböden / Parkett;;
38babeb7-2b2f-42e2-9270-0daac46ebe07;Korkplatten 1m²,  (Dicke 0,006 m);Holz / Holzböden / Kork;;
38a8d707-0c7f-4d91-a3db-9b5b2c9bb147;Gipswandbauplatte (Dicke 0,1 m);Mineralische Baustoffe / Steine und Elemente / Gipsplatten;;
360cbe6a-bd01-4660-bd08-f7d3eb3d8b79;Korkplatten 1m² (Dicke 0,004 m);Holz / Holzböden / Kork;;
341e2e42-dab2-427b-86f6-a80c701b6071;Dachbahnen EPDM (Dicke 0,0015 m);Kunststoffe / Dachbahnen / Elastomer-Dachbahnen;;
07423e99-8c7c-4e93-8311-dcf7ae85c41d;Gipskartonplatte (imprägniert) (Dicke 0,0125 m);Mineralische Baustoffe / Steine und Elemente / Gipsplatten;;
7e083808-ffcb-4c0c-9d52-11c42c2c48e9;Profil - König GmbH & Co. KG - Wandprofil verzinkt CW75;Metalle / Stahl und Eisen / Stahlprofile;;
00402f5e-4a5b-48a5-b1e2-cbd4fddffbe7;Profil - König GmbH & Co. KG - Wandprofil verzinkt CW100;Metalle / Stahl und Eisen / Stahlprofile;;
7065f9ef-8969-4723-b311-c65042481dd1;Profil - König GmbH & Co. KG - Wandprofil verzinkt CW125;Metalle / Stahl und Eisen / Stahlprofile;;
313eef35-fd80-4d4a-b8ab-96762d075cf6;Profil - König GmbH & Co. KG - Wandprofil verzinkt CW150;Metalle / Stahl und Eisen / Stahlprofile;;
26730864-4f60-4274-9d38-5e0b0f0e234f;Profil - König GmbH & Co. KG - Wandprofil verzinkt CW50;Metalle / Stahl und Eisen / Stahlprofile;;
199ca92f-b191-4b77-8140-2b3816bffbfc;Profil - König GmbH & Co. KG - Wandprofil korrosionsgeschützt CW50;Metalle / Stahl und Eisen / Stahlprofile;;
25b83cc5-12f5-4c46-a5ec-1ba9c07b237e;Profil - König GmbH & Co. KG - Wandprofil korrosionsgeschützt CW75;Metalle / Stahl und Eisen / Stahlprofile;;
63f9442f-4701-42e7-8166-df509288cd88;Profil - König GmbH & Co. KG - Wandprofil korrosionsgeschützt CW150;Metalle / Stahl und Eisen / Stahlprofile;;
d8139749-44f9-4658-8528-5547d78a499a;Profil - König GmbH & Co. KG - Wandprofil korrosionsgeschützt CW125;Metalle / Stahl und Eisen / Stahlprofile;;
38fe1c7e-9dd1-4b42-bad4-3a9d3f743e2f;Profil - König GmbH & Co. KG - Wandprofil korrosionsgeschützt CW100;Metalle / Stahl und Eisen / Stahlprofile;;
b6a0db91-964d-452a-832d-5a26887f63d1;Profil - König GmbH & Co. KG - Deckenprofil verzinkt Hutdecke 98;Metalle / Stahl und Eisen / Stahlprofile;;
fbf50d71-abb0-4567-be08-4311c679973b;Profil - König GmbH & Co. KG - Deckenprofil verzinkt UD28/48;Metalle / Stahl und Eisen / Stahlprofile;;
7f8a6a50-c844-40f8-808b-0e6a14fe7ce0;Profil - König GmbH & Co. KG - Deckenprofil verzinkt CD60/27;Metalle / Stahl und Eisen / Stahlprofile;;
2b008167-5610-4561-86fc-4a1976048366;Profil - König GmbH & Co. KG - Deckenprofil korrosionsgeschützt Hutdecke 98;Metalle / Stahl und Eisen / Stahlprofile;;
5da65ba4-67ca-4db3-bfa1-9ccafe5f30da;Profil - König GmbH & Co. KG - Deckenprofil korrosionsgeschützt UD28/48;Metalle / Stahl und Eisen / Stahlprofile;;
0571d36b-4912-4e3b-b538-00818c3d52ec;Profil - König GmbH & Co. KG - Deckenprofil korrosionsgeschützt CD60/27;Metalle / Stahl und Eisen / Stahlprofile;;
9e5f0b91-c6ac-4361-a565-0e3e83dd1bce;Tageslichtsysteme - JET Brakel Aero GmbH - Glasarchitektur;Komponenten von Fenstern und Vorhangfassaden / Füllungen / Transparente Füllungen;;
edb22445-e31b-40a6-9d35-db2f1d2ad44c;Tageslichtsysteme - JET Brakel Aero GmbH - JET VENTRIA 3 Systemflügel ;Komponenten von Fenstern und Vorhangfassaden / Füllungen / Transparente Füllungen;;
d034be0b-0592-4557-b440-8abb5553a8d6;Tageslichtsysteme - JET Brakel Aero GmbH - JET BA 5/6-Verglasungssystem ;Komponenten von Fenstern und Vorhangfassaden / Füllungen / Transparente Füllungen;;
d2d1b29f-8dd7-4373-ab2a-de57acd51e72;FASBA e.V. Baustroh;Dämmstoffe / Stroh / Strohballen;;
b6762ea6-ca6f-4039-ae9d-8e1f0a146632;Tor - Hörmann Legnica Sp. z o.o - Kipptor ET 500;Komponenten von Fenstern und Vorhangfassaden / Türen und Tore / Stahl;;
ffbf8bee-1796-4c5c-a815-41a1a8307de6;Tor - Hörmann Legnica Sp. z o.o - Schwingtor N 500;Komponenten von Fenstern und Vorhangfassaden / Türen und Tore / Stahl;;
ef35288f-66e7-4a7b-8f35-1a0a2edb5fef;Tür - Hörmann Legnica Sp. z o.o - Nebentür NT 500;Komponenten von Fenstern und Vorhangfassaden / Türen und Tore / Stahl;;
d9184cba-f3ad-4ff0-9c71-90cc6e21fcb8;Tor - Hörmann Legnica Sp. z o.o - Sammelgaragentor ST 500;Komponenten von Fenstern und Vorhangfassaden / Türen und Tore / Stahl;;
2383b727-ea29-4030-991b-5179e784338b;Tor - Hörmann Legnica Sp. z o.o - Sporthallentor SP 500;Komponenten von Fenstern und Vorhangfassaden / Türen und Tore / Stahl;;
857ec105-07bd-4942-8b6a-4ecb6522f00d;Rahmenprofile für Fassaden - HUECK System GmbH & Co. KG - Trigon 60;Komponenten von Fenstern und Vorhangfassaden / Rahmen / Profile / Aluminium thermisch getrennt;;
fb529c2b-fd76-4645-91ee-e38b3cc234fb;Rahmenprofile für Fassaden - HUECK System GmbH & Co. KG - Trigon 50;Komponenten von Fenstern und Vorhangfassaden / Rahmen / Profile / Aluminium thermisch getrennt;;
c727edab-e821-49e8-908f-6017a1713826;Lichtkuppeln - LAMILUX Heinrich Strunz GmbH - Rauchlift Lichtkuppel F100;Komponenten von Fenstern und Vorhangfassaden / Füllungen / Opake Füllungen;;
2bf377b2-7923-4e05-b7a0-3c02e63d3476;Lichtkuppeln - LAMILUX Heinrich Strunz GmbH - Lichtkuppel F100;Komponenten von Fenstern und Vorhangfassaden / Füllungen / Opake Füllungen;;
da649461-9a6f-49c9-aa2e-5d91b1969328;Lichtbänder - LAMILUX Heinrich Strunz GmbH - Rauchlift Lichtband S;Komponenten von Fenstern und Vorhangfassaden / Füllungen / Opake Füllungen;;
1c91f081-db63-40ee-9857-7cbbe344713c;Lichtbänder - LAMILUX Heinrich Strunz GmbH - Rauchlift Lichtband B;Komponenten von Fenstern und Vorhangfassaden / Füllungen / Opake Füllungen;;
e34ee1d3-0a6f-4017-b9f0-57d13639d354;Lichtbänder - LAMILUX Heinrich Strunz GmbH - Lichtband S;Komponenten von Fenstern und Vorhangfassaden / Füllungen / Opake Füllungen;;
19e36ce7-1f2d-4464-9375-2b9e9bbc3cac;Lichtbänder - LAMILUX Heinrich Strunz GmbH - Lichtband B;Komponenten von Fenstern und Vorhangfassaden / Füllungen / Opake Füllungen;;
8e7882f9-2e2c-4e32-8e70-e37ade20c20c;Tageslichtsysteme - LAMILUX Heinrich Strunz GmbH - Flachdach Fenster F100;Komponenten von Fenstern und Vorhangfassaden / Füllungen / Transparente Füllungen;;
966b0795-c7e3-4f23-86ba-55c4aa8fb5ff;Tageslichtsysteme - LAMILUX Heinrich Strunz GmbH - Flachdach Fenster FE;Komponenten von Fenstern und Vorhangfassaden / Füllungen / Transparente Füllungen;;
6623b599-38fb-4c41-877b-7da12cd58250;Tageslichtsysteme - LAMILUX Heinrich Strunz GmbH - Flachdach Fenster FE Passivhaus;Komponenten von Fenstern und Vorhangfassaden / Füllungen / Transparente Füllungen;;
8679c66e-f1d5-4be4-bb8a-7d55bf4e16fa;Tageslichtsysteme - LAMILUX Heinrich Strunz GmbH - Rauchlift ME;Komponenten von Fenstern und Vorhangfassaden / Füllungen / Transparente Füllungen;;
f4e70d32-54be-4de5-9771-855e038b9133;Glasarchitektur - LAMILUX Heinrich Strunz GmbH - Glasdach PR60;Komponenten von Fenstern und Vorhangfassaden / Füllungen / Transparente Füllungen;;
f9ddd824-3c3a-4aab-940f-e45da819d53c;Glasarchitektur - LAMILUX Heinrich Strunz GmbH - Rauchlift Glasdach PR60;Komponenten von Fenstern und Vorhangfassaden / Füllungen / Transparente Füllungen;;
4d22a515-cfcc-4bcb-bbf9-a6e647bed9ab;Tür - Hörmann KG Eckelhausen - Haustür;Komponenten von Fenstern und Vorhangfassaden / Türen und Tore / Aluminium;;
8526239b-fa75-4b15-b4d5-790f1a15bba6;Tür - Hörmann KG Eckelhausen - Rauchschutztür;Komponenten von Fenstern und Vorhangfassaden / Türen und Tore / Aluminium;;
b9c08cf4-c6ad-4f12-bd5a-524c5a10ef51;Tür - Hörmann KG Eckelhausen - Feuerschutztür T30;Komponenten von Fenstern und Vorhangfassaden / Türen und Tore / Aluminium;;
34a3f341-4af5-4ad4-9e17-6ff9b0713dfc;Tür - Hörmann KG Eckelhausen - Feuerschutztür T90;Komponenten von Fenstern und Vorhangfassaden / Türen und Tore / Aluminium;;
00914cfd-da94-4837-92c3-9133c36c4410;Rahmenlose Schiebefenster - Skyframe AG - Sky-Frame 2;Komponenten von Fenstern und Vorhangfassaden / Füllungen / Transparente Füllungen;;
6c653c09-ee1d-46d5-ba53-47475768a341;Rahmenlose Schiebefenster - Skyframe AG - Sky-Frame 3;Komponenten von Fenstern und Vorhangfassaden / Füllungen / Transparente Füllungen;;
81f26749-0b39-4eb5-9015-bbebae3c7413;Tor - EFAFLEX Tor- und Sicherheitssysteme GmbH & Co. KG - Schnelllauf-Spiraltor SST Alu;Komponenten von Fenstern und Vorhangfassaden / Türen und Tore / Aluminium;;
52db1ee8-72c2-4c45-97bd-21b9501c59be;Tor - EFAFLEX Tor- und Sicherheitssysteme GmbH & Co. KG - Schnelllauf-Spiraltor SST Stahl;Komponenten von Fenstern und Vorhangfassaden / Türen und Tore / Stahl;;
4064c6df-dcc8-4a4f-9a67-207dd38398b2;Tor - EFAFLEX Tor- und Sicherheitssysteme GmbH & Co. KG - Schnelllauf-Turbotor STT;Komponenten von Fenstern und Vorhangfassaden / Türen und Tore / Aluminium;;
143df78d-eb2e-4a96-a6af-5ada21285812;Isolierprofil - Technoform Bautec Kunststoffprodukte GmbH - Isoliersteg aus PA 66 GF 25;Komponenten von Fenstern und Vorhangfassaden / Dichtungskomponenten / -materialien / Dichtprofile;;
4d1f9c07-785c-4347-acf0-7d454f07eeff;Isolierprofil - Technoform Bautec Kunststoffprodukte GmbH - Isoliersteg aus recyceltem PA 66 GF 25;Komponenten von Fenstern und Vorhangfassaden / Dichtungskomponenten / -materialien / Dichtprofile;;
e9932c1b-ae66-4d8a-9727-96d2064583f3;Isolierprofil - Technoform Bautec Kunststoffprodukte GmbH - Isoliersteg Low Lambda PA66 GF25;Komponenten von Fenstern und Vorhangfassaden / Dichtungskomponenten / -materialien / Dichtprofile;;
f44d2f80-3b83-4f28-96fc-36d4279edf8b;Glas - Promat GmbH - Brandschutzglas;Komponenten von Fenstern und Vorhangfassaden / Füllungen / Transparente Füllungen;;
a94761d9-2c1e-467b-a062-846b099ba375;Flachglas - Guardian - Flachglas beschichtet;Komponenten von Fenstern und Vorhangfassaden / Füllungen / Transparente Füllungen;;
096273e5-a370-4edd-852c-f2abfa9cfb83;Flachglas - Guardian - Flachglas unbeschichtet;Komponenten von Fenstern und Vorhangfassaden / Füllungen / Transparente Füllungen;;
8edefd8f-607c-47d5-9b02-d64942204a3a;Flachglas - Guardian - Verbundsicherheitsglas (VSG);Komponenten von Fenstern und Vorhangfassaden / Füllungen / Transparente Füllungen;;
f168113d-f78a-4bb2-bfcd-07c3daac8014;Floatglas - Guardian Europe S.à r.l. - Mirror / Ultra Mirror;Komponenten von Fenstern und Vorhangfassaden / Füllungen / Opake Füllungen;;
40902922-944b-4126-a6d0-49982eb2361e;Floatglas - Guardian Europe S.à r.l. - SatinDeco;Komponenten von Fenstern und Vorhangfassaden / Füllungen / Opake Füllungen;;
9498de37-a640-4715-aaeb-07fe2631dad4;Floatglas - Guardian Europe S.à r.l. - Wet coating for painted glass;Komponenten von Fenstern und Vorhangfassaden / Füllungen / Opake Füllungen;;
973a5aa1-fc59-4048-98ca-a9d57290bf58;Tor - Teckentrup GmbH & Co. KG - Falttor;Komponenten von Fenstern und Vorhangfassaden / Türen und Tore / Stahl;;
d7b3f8d3-5f65-48c5-b2dd-9c7258546ee3;Tor - Teckentrup GmbH & Co. KG - Schiebetor;Komponenten von Fenstern und Vorhangfassaden / Türen und Tore / Stahl;;
ab11dcf1-748d-4430-a676-2577f1436b3d;Abstandhalter - Ensinger GmbH - Thermix TX Pro;Komponenten von Fenstern und Vorhangfassaden / Dichtungskomponenten / -materialien / Dichtprofile;;
fc1cd6bc-43e7-467b-a614-65474528a266;Abstandhalter - Ensinger GmbH - Thermix Low Psi RE;Komponenten von Fenstern und Vorhangfassaden / Dichtungskomponenten / -materialien / Dichtprofile;;
7d08d67b-f4e2-4a53-9672-f3b498bfd045;Abstandhalter - Ensinger GmbH - Thermix Low Psi;Komponenten von Fenstern und Vorhangfassaden / Dichtungskomponenten / -materialien / Dichtprofile;;
123f3c25-c4f5-49ab-b5af-e5bd6946345f;Transparente Bauelemente - Rodeca GmbH - Lichtbauelement 60 mm;Komponenten von Fenstern und Vorhangfassaden / Füllungen / Transparente Füllungen;;
2c52a437-2a2b-4e44-8b2d-ba4780b768b9;Transparente Bauelemente - Rodeca GmbH - Lichtbauelement 50 mm;Komponenten von Fenstern und Vorhangfassaden / Füllungen / Transparente Füllungen;;
845638e5-80d2-4f3d-8376-f676cd6dae20;Transparente Bauelemente - Rodeca GmbH - Lichtbauelement 40 mm;Komponenten von Fenstern und Vorhangfassaden / Füllungen / Transparente Füllungen;;
9f6fd0a4-491d-4a39-874f-6f78cae6444c;Transparente Bauelemente - Rodeca GmbH - Lichtbauelement 30 mm;Komponenten von Fenstern und Vorhangfassaden / Füllungen / Transparente Füllungen;;
4b845fc5-af4d-47b0-b47d-526bf87be262;Isolierprofil - Ensinger GmbH - insulbar TECATHERM 66 GF RE;Komponenten von Fenstern und Vorhangfassaden / Dichtungskomponenten / -materialien / Dichtprofile;;
aa5f659e-7f26-40a4-bafb-8e31142b42ad;Isolierprofil - Ensinger GmbH - insulbar TECATHERM PP GF;Komponenten von Fenstern und Vorhangfassaden / Dichtungskomponenten / -materialien / Dichtprofile;;
cc9b336a-5dbb-464c-b837-f7fa995b9527;Isolierprofil - Ensinger GmbH - insulbar TECATHERM 66;Komponenten von Fenstern und Vorhangfassaden / Dichtungskomponenten / -materialien / Dichtprofile;;
6e73328a-962a-43dc-9bbf-91cf6a315b42;Tor - Teckentrup GmbH & Co. KG - Garagensektionaltor;Komponenten von Fenstern und Vorhangfassaden / Türen und Tore / Stahl;;
4f73e527-0ca3-4d43-8686-1f18d3c6b426;Tor - Teckentrup GmbH & Co. KG - Industriesektionaltor;Komponenten von Fenstern und Vorhangfassaden / Türen und Tore / Stahl;;
083d5e15-abcd-45d6-91de-726a16b204f1;Tor - Teckentrup GmbH & Co. KG - Rolltor;Komponenten von Fenstern und Vorhangfassaden / Türen und Tore / Stahl;;
2d10d549-e9de-4dbe-a732-4331fa2c5aaa;Tor - Lindab A/S - Sektionaltor LDP;Komponenten von Fenstern und Vorhangfassaden / Türen und Tore / Aluminium;;
d8d9558c-e683-456f-8167-df390df76389;Tor - Lindab A/S - Sektionaltor LDC;Komponenten von Fenstern und Vorhangfassaden / Türen und Tore / Stahl;;
039317ac-7393-41b2-b91f-7816db173d24;Tor - Lindab A/S - Sektionaltor LDI;Komponenten von Fenstern und Vorhangfassaden / Türen und Tore / Stahl;;
24f9f8e0-423c-4fe3-a16a-7b93efae9421;Tür - Teckentrup GmbH & Co. KG - Multifunktionstür;Komponenten von Fenstern und Vorhangfassaden / Türen und Tore / Stahl;;
4fd7d37c-40aa-4433-80af-8dbe8544d856;Tor - Condoor BV - Industrie- und Garagentor Stahl 40 mm (PG 3);Komponenten von Fenstern und Vorhangfassaden / Türen und Tore / Stahl;;
775c913f-860e-490e-a22e-2ca4591e89f6;Tor - Condoor BV - Industrie- und Garagentor Alu 80 mm (PG 1);Komponenten von Fenstern und Vorhangfassaden / Türen und Tore / Aluminium;;
f2779d72-a491-4547-8e18-1437f8e66f92;Tor - Condoor BV - Industrie- und Garagentor Alu 40 mm (PG 2);Komponenten von Fenstern und Vorhangfassaden / Türen und Tore / Aluminium;;
0b87fabb-7beb-4faa-86dc-5d13bde3957b;Glas - AGC Glass Europe - Brandschutzglas;Komponenten von Fenstern und Vorhangfassaden / Füllungen / Transparente Füllungen;;
ecef0675-6125-418b-a558-5fde99809570;Glaskeramik - MAGNA Glaskeramik GmbH - MAGNA Glaskeramik;Komponenten von Fenstern und Vorhangfassaden / Füllungen / Opake Füllungen;;
fafd5743-0b42-4614-8e3d-5c4eacdfba98;Mineralwolle (Innenausbau-Dämmung);Dämmstoffe / Mineralwolle / Mineralwolle;;
f8afef87-5de3-4996-838c-1f2af9ef81df;Mineralwolle (Fassaden-Dämmung);Dämmstoffe / Mineralwolle / Mineralwolle;;
f70e7397-ab7b-47c8-a172-6992a615ee2e;Blähton Körnung;Mineralische Baustoffe / Zuschläge / Blähton;;
efb06021-90c7-411f-a85c-8dfa000f0004;Zement (CEM II 52,5);Mineralische Baustoffe / Bindemittel / Zement;;
e5cd5727-a516-4081-8fdf-4fc0ce142d90;WDVS Verklebung und Beschichtung Kratzputz mineralisch;Dämmstoffe / Wärmedämmverbundsystem / Wärmedämmverbundsystem;;
df40fb5f-9a10-422d-8d95-69a3af9d0d96;Zement (CEM II/B);Mineralische Baustoffe / Bindemittel / Zement;;
d895bdb7-0dff-457e-9ad2-45662fc227f5;Schmelzkammergranulat;Mineralische Baustoffe / Zuschläge / Kraftwerksnebenprodukte;;
ca486c76-6f0d-4c19-bd16-22de46ac06fd;Zement (CEM IV 32,5);Mineralische Baustoffe / Bindemittel / Zement;;
c9498f76-822a-4bd8-aadd-85b3ac57462f;Kesselsand;Mineralische Baustoffe / Zuschläge / Kraftwerksnebenprodukte;;
c7e171fb-d5eb-4867-9fb2-961dec81d6aa;Blähton LB Hohlblockstein Trennwand;Mineralische Baustoffe / Steine und Elemente / Leichtbeton;;
bff1b0ac-5d16-4cce-9e5d-a3269eff093c;Zement (CEM II/A);Mineralische Baustoffe / Bindemittel / Zement;;
a8640bfd-5ae3-4893-bfe8-d5ab59ec8134;Steinkohleflugasche;Mineralische Baustoffe / Zuschläge / Kraftwerksnebenprodukte;;
a758fb6a-7fb1-4cdc-b652-c42cf2f7632c;Transportbeton C30/37;Mineralische Baustoffe / Mörtel und Beton / Beton;;
a43dd541-cfd8-4ff5-b632-67dcece91095;Zement (CEM IV 42,5);Mineralische Baustoffe / Bindemittel / Zement;;
9702d9ab-2af2-4fdc-9d99-225583a9ffb7;Transportbeton C20/25;Mineralische Baustoffe / Mörtel und Beton / Beton;;
94ef6ac0-956a-4d60-9062-990df91e7917;WDVS Verklebung und Beschichtung Silikat-Dispersionsputz;Dämmstoffe / Wärmedämmverbundsystem / Wärmedämmverbundsystem;;
8f44840b-28ae-418b-bf12-fcac5b7c68b3;Bims-Planstein (SFK-4);Mineralische Baustoffe / Steine und Elemente / Leichtbeton;;
88cc57f7-384d-47a3-826a-e4fce57a32bd;WDVS Verklebung und Beschichtung Kunstharzputz;Dämmstoffe / Wärmedämmverbundsystem / Wärmedämmverbundsystem;;
86380db6-3062-4d40-826d-732c24ed3cad;Mineralwolle (Schrägdach-Dämmung);Dämmstoffe / Mineralwolle / Mineralwolle;;
63f50bbb-8257-47fe-93d5-ca5ad26e5187;Zement (CEM II 32,5);Mineralische Baustoffe / Bindemittel / Zement;;
63ddb7e1-4e0b-43cb-8a8d-82c5c137a2a2;Leichtbetonstein aus 100% Naturbims;Mineralische Baustoffe / Steine und Elemente / Leichtbeton;;
6108c144-5112-4f18-bcb1-d1ff8eb831a6;WDVS Verklebung und Beschichtung Leichtputz mineralisch;Dämmstoffe / Wärmedämmverbundsystem / Wärmedämmverbundsystem;;
55105a8e-947d-47fe-a98e-3bcf356edfdc;Zement (CEM III 42,5);Mineralische Baustoffe / Bindemittel / Zement;;
49fe2b06-ea9c-4cef-b0a1-a75fd1ed6bf8;WDVS Verklebung und Beschichtung Dekorputz mineralisch;Dämmstoffe / Wärmedämmverbundsystem / Wärmedämmverbundsystem;;
4477c6ca-b728-41fb-a231-366e159a73df;Mineralwolle (Flachdach-Dämmung);Dämmstoffe / Mineralwolle / Mineralwolle;;
3749834e-307f-4cb2-b903-4ef4bd463446;Blähton Sand;Mineralische Baustoffe / Zuschläge / Blähton;;
2a770c8c-5b2e-47ac-991c-12628c334818;Zement (CEM III 52,5);Mineralische Baustoffe / Bindemittel / Zement;;
2691d6e4-a41e-40d7-92ca-680f8785fc1d;Mineralwolle (Boden-Dämmung);Dämmstoffe / Mineralwolle / Mineralwolle;;
21a40e8f-3897-4465-975b-81b6370936fb;Blähton LB Planstein Außenwand;Mineralische Baustoffe / Steine und Elemente / Leichtbeton;;
1b978129-dd5e-45ea-9c82-1c3510e9c965;Blähton LB Planstein Innenwand;Mineralische Baustoffe / Steine und Elemente / Leichtbeton;;
1b84e630-6489-493e-a066-1b976684dd03;WDVS Verklebung und Beschichtung Silikonharzputz;Dämmstoffe / Wärmedämmverbundsystem / Wärmedämmverbundsystem;;
08d59fb4-e75c-4f31-82f2-caa0bcaa5f04;Zement (CEM II 42,5);Mineralische Baustoffe / Bindemittel / Zement;;
344130c3-108a-4076-9574-2f1f808c1a2c;Furniersperrholz (Durchschnitt DE);Holz / Holzwerkstoffe / Sperrholz;;
b60398b4-f72d-45a1-9272-696070e074af;Balkenschichtholz (Durchschnitt DE);Holz / Vollholz / Balkenschichtholz (Duo-Triobalken);;
6f6fdc0b-4163-4f99-92cb-7b9e3008bae4;3- und 5-Schicht Massivholzplatte (Durchschnitt DE);Holz / Holzwerkstoffe / 3- und 5-Schichtplatten;;
c4272b73-7a14-4be6-ab51-f5bcd6eef989;Laubschnittholz - getrocknet (Durchschnitt DE);Holz / Vollholz / Bau-Schnittholz;;
e71b8242-eda8-408a-9ff8-37cd28896b4a;Oriented Strand Board (Durchschnitt DE);Holz / Holzwerkstoffe / OSB-Platte;;
57fed1c6-f30d-4e78-9fb6-b93810b6e825;Nadelschnittholz - frisch (Durchschnitt DE);Holz / Vollholz / Bau-Schnittholz;;
1270c857-6de2-484f-aed0-251b3b7b6965;Spanplatte, roh (Durchschnitt DE);Holz / Holzwerkstoffe / Spanplatten;;
954a286e-36e6-4ceb-9ab9-ec4270b618aa;Brettsperrholz (Durchschnitt DE);Holz / Vollholz / Brettschichtholzplatte;;
c56b1971-bdde-41b5-b139-9daed5baca91;Spanplatte - melaminbeschichtet (Durchschnitt DE);Holz / Holzwerkstoffe / Spanplatten;;
1e86515c-3d07-4c59-8f81-84cc5fe0fca7;Massivholzparkett (Durchschnitt DE);Holz / Holzböden / Parkett;;
b6f81ab5-4055-4597-afae-b1462dcfc128;Konstruktionsvollholz (Durchschnitt DE);Holz / Vollholz / Konstruktionsvollholz;;
76c249ab-1481-4af8-9e98-39c3073eda6f;Nadelschnittholz - getrocknet (Durchschnitt DE);Holz / Vollholz / Bau-Schnittholz;;
2103d7e9-529e-45da-8549-892598dba5f3;Hobelware (Durchschnitt DE);Holz / Vollholz / Bau-Schnittholz;;
65088842-af32-46a8-819d-b92901c9e91e;Brettschichtholz - Standardformen (Durchschnitt DE);Holz / Vollholz / Brettschichtholz (BSH);;
6e578da4-f52f-440c-87b9-a4ba2344b426;Hochdichte Faserplatte (Durchschnitt DE);Holz / Holzwerkstoffe / Holzfaserplatten;;
d0423f9f-f627-4594-bc7c-9452af7c2462;Röhrenspanplatte (Durchschnitt DE);Holz / Holzwerkstoffe / Spanplatten;;
07fe8f43-6a63-4d93-aec0-811d46447953;Brettschichtholz - Sonderformen (Durchschnitt DE);Holz / Vollholz / Brettschichtholz (BSH);;
e5141109-efd6-4fbc-a850-53a48ad30f18;Mitteldichte Faserplatte (Durchschnitt DE);Holz / Holzwerkstoffe / Holzfaserplatten;;
66a72f39-96b7-4f38-ae36-0bb1fc862cbe;Mehrschichtparkett (Durchschnitt DE);Holz / Holzböden / Parkett;;
85c97417-a0fa-478e-b6e1-e26b097f78a3;Garagensectionaltor-Teckentrup-Stahl;Komponenten von Fenstern und Vorhangfassaden / Türen und Tore / Stahl;;
2708d43f-7df7-4474-afae-cc86af429b4f;Decke - HT Laborẋ⦊횥뗧↞ GmbH - Decke für Hygienebereiche;Komposite / Systembauteile / Decken;;
f92dc986-1f9a-42e2-9dbb-3abc2499a1d1;Bodensystem - HT Laborẋ⦊횥뗧↞ GmbH - Nasszellen-Boden;Komposite / Systembauteile / Decken;;
d44f6388-8e62-4969-8e54-49a3a173f395;Wandsystem - HT Laborẋ⦊횥뗧↞ GmbH - Stahlblech-Paneelwand;Komposite / Systembauteile / Innenwände;;
f696ab8a-9222-42d3-96c9-02da1c8694bc;Wandsystem - HT Laborẋ⦊횥뗧↞ GmbH - Glas-Paneelwand;Komposite / Systembauteile / Innenwände;;
f5cc97d5-95a4-4649-954f-6345b53f454a;Wandsystem - HT Laborẋ⦊횥뗧↞ GmbH - Fliesen-Paneelwand;Komposite / Systembauteile / Innenwände;;
9ecca09c-82f3-4828-8830-20f9b14be069;Gussglas - Glasfabrik Lamberts GmbH & Co. KG - LINIT Profilbauglas, veredelt;Komponenten von Fenstern und Vorhangfassaden / Füllungen / Transparente Füllungen;;
289174c0-bf03-46cf-a4b0-80919308f3b3;Gussglas - Glasfabrik Lamberts GmbH & Co. KG - Ornament-, Solar- und Drahtglas;Komponenten von Fenstern und Vorhangfassaden / Füllungen / Transparente Füllungen;;
4fd05875-d77f-410f-af7d-30e5e74a8464;Gussglas - Glasfabrik Lamberts GmbH & Co. KG - LINIT Basisprofilbauglas;Komponenten von Fenstern und Vorhangfassaden / Füllungen / Transparente Füllungen;;
353f77b3-e4cf-4f57-96d6-36eb34b567ff;Glas - Bundesverband Flachglas e.V. - Mehrscheibenisolierglas 3-fach Aufbau;Komponenten von Fenstern und Vorhangfassaden / Füllungen / Transparente Füllungen;;
132b40bc-5e25-4b1c-983c-3306caf74415;Glas - Bundesverband Flachglas e.V. - Mehrscheibenisolierglas 2-fach Aufbau;Komponenten von Fenstern und Vorhangfassaden / Füllungen / Transparente Füllungen;;
880bb3c3-5eb9-431c-afe6-f4ae4c465ece;Glas - Bundesverband Flachglas e.V. - Verbundsicherheitsglas;Komponenten von Fenstern und Vorhangfassaden / Füllungen / Transparente Füllungen;;
dc96eace-0094-4440-9331-f72fb9430656;Glas - Bundesverband Flachglas e.V. - Flachglas;Komponenten von Fenstern und Vorhangfassaden / Füllungen / Transparente Füllungen;;
f7384d7c-90ba-4ec7-ab80-f9b1b79fd0eb;Glas - Bundesverband Flachglas e.V. - Einscheibensicherheitsglas;Komponenten von Fenstern und Vorhangfassaden / Füllungen / Transparente Füllungen;;
14cac35f-a23d-44cd-a1f3-d86bc1d806d5;Tür - HT Laborẋ⦊횥뗧↞ GmbH - Schiebetür;Komponenten von Fenstern und Vorhangfassaden / Türen und Tore / Stahl;;
3e844136-06e8-4e9f-ba0c-7fc4ec7ee901;Trockenschüttung - Cemwood GmbH - Ausgleichschüttung;Mineralische Baustoffe / Zuschläge / Trockenschüttung;;
0836552d-9796-47b6-b33b-12ec55050926;Rahmenprofile für Türen - HUECK System GmbH & Co. KG - Lava;Komponenten von Fenstern und Vorhangfassaden / Rahmen / Profile / Aluminium thermisch getrennt;;
c2f10adc-56b3-4fff-9a33-6134e7646740;Rahmenprofile für Fenster und Türen - HUECK System GmbH & Co. KG - WS/DS 090;Komponenten von Fenstern und Vorhangfassaden / Rahmen / Profile / Aluminium thermisch getrennt;;
b5db085c-fb09-4571-ae2b-594e2fc22baa;Rahmenprofile für Fenster und Türen - HUECK System GmbH & Co. KG - WS/DS 075;Komponenten von Fenstern und Vorhangfassaden / Rahmen / Profile / Aluminium thermisch getrennt;;
9ae099db-6bd6-42ba-892f-f1e8cfb507ed;Rahmenprofile für Fenster - HUECK System GmbH & Co. KG - Volato;Komponenten von Fenstern und Vorhangfassaden / Rahmen / Profile / Aluminium thermisch getrennt;;
e0ddceb1-806c-425b-b8fc-62a62bc5bc17;Tür - HT Laborẋ⦊횥뗧↞ GmbH - Drehtür;Komponenten von Fenstern und Vorhangfassaden / Türen und Tore / Stahl;;
1d8ac430-ac11-4bc9-b302-e2278a9ef6f0;Holzfaserdämmstoffe im Trockenverfahren 110-200 kg/m³;Dämmstoffe / Holzfasern / Holzfaserdämmplatte;;
c83d501f-d07f-4434-9d5c-862a7e8a3026;Aluminiumprofil beschichtet;Metalle / Aluminium / Aluminiumprofil;;
c23b2987-776d-4d55-91c7-5f2a0f2c50f1;Aluminiumprofil anodisiert;Metalle / Aluminium / Aluminiumprofil;;
10d750fe-bfb7-46fc-9a4a-a9b968fe1f4e;Aluminiumprofil pressblank;Metalle / Aluminium / Aluminiumprofil;;
d3dbba95-2921-4fa5-9b20-32f37c6c0793;binderholz Brettschichtholz BSH;Holz / Vollholz / Brettschichtholz (BSH);;
afef8f9a-e598-41b8-8e90-33e7352c25a8;CLIMAFLEX® SPIRAL made of NMC NATUREFOAM®;Dämmstoffe / Polyethylen / Schaum;;
ab6a665e-1846-4ef0-88a8-8f4b2924f56a;CLIMAFLEX® aus NMC NATUREFOAM®;Dämmstoffe / Polyethylen / Schaum;;
a564fa56-4723-4123-bbbd-2a8780c8c899;CLIMAFLEX® STABIL / EXENTROFLEX® COMPACT aus NMC NATUREFOAM®;Dämmstoffe / Polyethylen / Schaum;;
e98074e5-837f-4ece-a1ba-b215f53fd56a;Mauermörtel-Leichtmauermörtel;Mineralische Baustoffe / Mörtel und Beton / Mauermörtel;;
f2015a7f-ec37-4b46-86cf-e2781062b2d3;Mauersteine aus Leichtbeton aus natürlichen Zuschlägen - Vollstein schwer -;Mineralische Baustoffe / Steine und Elemente / Leichtbeton;;
83be43f7-6ab2-4b99-b7b3-b856501e9221;Rohe und beschichtete MDF und HDF Holzfaserplatten;Holz / Holzwerkstoffe / Holzfaserplatten;;
f8e6de9b-b746-4220-b9fb-044459aefc3b;Mauersteine aus Leichtbeton aus natürlichen Zuschlägen - Vollblock leicht -;Mineralische Baustoffe / Steine und Elemente / Leichtbeton;;
56378ea4-9a50-42cb-b035-e8abd153c6c2;Mauersteine aus Leichtbeton aus natürlichen Zuschlägen - Hohlblock -;Mineralische Baustoffe / Steine und Elemente / Leichtbeton;;
c8d19b6f-e0e7-422d-b704-ff44770df984;Großformatige Elemente aus Leichtbeton;Mineralische Baustoffe / Steine und Elemente / Leichtbeton;;
cf3faea0-6528-4618-9a57-14b95bbefa92;Dämmplatte mit Neopor® Plus BMB;Dämmstoffe / Expandiertes Polystyrol (EPS) / EPS grau;;
cd8eedda-6de4-4249-9c1f-55f88231fe9c;STEICO LVL;Holz / Holzwerkstoffe / Laminated Veneer Lumber (LVL);;
